Order_ID,Date,Year,Month,Quarter,Product,Category,Region,Channel,Units_Sold,Unit_Price,Revenue,COGS,Gross_Profit,Discount_Pct,Net_Revenue
1001,2022-01-08,2025,Jan,Q1,Dairy Milk,Mid-range,North India,Modern Trade,251,45,18459.78,8785,5598.35,0.11,10052.55
1002,2022-01-22,2025,Jan,Q1,Dairy Milk Silk,Premium,North India,General Trade,485,75,48908.62,25220,12652.75,0.11,32373.75
1003,2022-01-01,2025,Jan,Q1,5 Star,Value,North India,Modern Trade,1409,30,30693.87,30998,8308.58,0.06,39733.8
1004,2022-01-20,2023,Jan,Q1,Perk,Value,North India,Modern Trade,647,25,14001.92,11646,4447.19,0.03,15689.75
1005,2022-01-21,2023,Jan,Q1,Bournville,Premium,North India,Modern Trade,1349,90,166232.22,87685,31012.8,0.03,117767.7
1006,2022-01-09,2024,Jan,Q1,Gems,Value,North India,Institutional,651,20,13882.96,9114,4628.98,0.07,12108.6
1007,2022-01-23,2023,Jan,Q1,Celebrations Box,Premium,North India,Modern Trade,1754,250,382796.15,315720,93784.53,0.12,385880
1008,2022-01-07,2025,Jan,Q1,Oreo,Mid-range,North India,Institutional,896,40,41985.44,25088,12789.32,0.04,34406.4
1009,2022-01-04,2023,Jan,Q1,Fuse,Value,North India,E-Commerce,409,35,15634.67,9816,4274.22,0.01,14171.85
1010,2022-01-09,2024,Jan,Q1,Caramel,Mid-range,North India,E-Commerce,1935,55,108336.76,73530,36820.02,0.05,101103.75
1011,2022-01-04,2024,Jan,Q1,Dairy Milk,Mid-range,South India,Modern Trade,1694,45,109489.29,59290,29859.79,0.07,70893.9
1012,2022-01-27,2023,Jan,Q1,Dairy Milk Silk,Premium,South India,Institutional,361,75,42369.86,18772,9164.77,0.08,24909
1013,2022-01-03,2024,Jan,Q1,5 Star,Value,South India,E-Commerce,1382,30,28670.54,30404,6691.04,0.03,40216.2
1014,2022-01-10,2023,Jan,Q1,Perk,Value,South India,Modern Trade,1554,25,27488.94,27972,7784.91,0.03,37684.5
1015,2022-01-04,2025,Jan,Q1,Bournville,Premium,South India,Modern Trade,1951,90,236745.59,126815,49329.03,0.03,170322.3
1016,2022-01-27,2024,Jan,Q1,Gems,Value,South India,Institutional,769,20,14912.8,10766,4588.9,0.07,14303.4
1017,2022-01-07,2023,Jan,Q1,Celebrations Box,Premium,South India,E-Commerce,533,250,116424.02,95940,30432.24,0.06,125255
1018,2022-01-21,2024,Jan,Q1,Oreo,Mid-range,South India,E-Commerce,1637,40,74611.46,45836,22689.52,0.14,56312.8
1019,2022-01-18,2023,Jan,Q1,Fuse,Value,South India,Modern Trade,1447,35,46724.98,34728,14491.02,0.1,45580.5
1020,2022-01-09,2025,Jan,Q1,Caramel,Mid-range,South India,General Trade,534,55,35105.95,20292,8951.45,0.07,27314.1
1021,2022-01-25,2025,Jan,Q1,Dairy Milk,Mid-range,West India,General Trade,1602,45,102151.57,56070,21896.71,0.05,68485.5
1022,2022-01-26,2024,Jan,Q1,Dairy Milk Silk,Premium,West India,Modern Trade,669,75,80502.99,34788,17253.8,0.12,44154
1023,2022-01-07,2024,Jan,Q1,5 Star,Value,West India,E-Commerce,1021,30,21351.91,22462,5218.36,0.04,29404.8
1024,2022-01-13,2023,Jan,Q1,Perk,Value,West India,E-Commerce,635,25,12078.83,11430,2489.2,0.1,14287.5
1025,2022-01-08,2023,Jan,Q1,Bournville,Premium,West India,Institutional,492,90,49268.79,31980,9928.17,0.04,42508.8
1026,2022-01-19,2025,Jan,Q1,Gems,Value,West India,E-Commerce,1729,20,35494.39,24206,6819.26,0.09,31467.8
1027,2022-01-05,2023,Jan,Q1,Celebrations Box,Premium,West India,Institutional,941,250,266134.76,169380,53148.8,0.03,228192.5
1028,2022-01-28,2023,Jan,Q1,Oreo,Mid-range,West India,Institutional,386,40,13439.53,10808,3526.2,0.11,13741.6
1029,2022-01-26,2023,Jan,Q1,Fuse,Value,West India,Modern Trade,513,35,17128.63,12312,5288.03,0.09,16339.05
1030,2022-01-13,2023,Jan,Q1,Caramel,Mid-range,West India,Institutional,1421,55,73170.23,53998,18920.69,0.01,77373.45
1031,2022-01-18,2024,Jan,Q1,Dairy Milk,Mid-range,East India,Institutional,1283,45,99764.27,44905,23005.41,0.04,55425.6
1032,2022-01-22,2025,Jan,Q1,Dairy Milk Silk,Premium,East India,Modern Trade,1593,75,160067.51,82836,33848.16,0.11,106332.75
1033,2022-01-04,2024,Jan,Q1,5 Star,Value,East India,E-Commerce,1774,30,35283.53,39028,11837.76,0.1,47898
1034,2022-01-01,2025,Jan,Q1,Perk,Value,East India,E-Commerce,1090,25,20795.88,19620,4093.83,0.02,26705
1035,2022-01-17,2024,Jan,Q1,Bournville,Premium,East India,E-Commerce,1225,90,109894.06,79625,20443.56,0.11,98122.5
1036,2022-01-27,2023,Jan,Q1,Gems,Value,East India,Modern Trade,1982,20,42954.77,27748,10356.05,0.09,36072.4
1037,2022-01-06,2024,Jan,Q1,Celebrations Box,Premium,East India,General Trade,513,250,110930.33,92340,33476,0.06,120555
1038,2022-01-01,2024,Jan,Q1,Oreo,Mid-range,East India,Modern Trade,1426,40,55303.87,39928,10432.33,0.05,54188
1039,2022-01-27,2024,Jan,Q1,Fuse,Value,East India,Modern Trade,943,35,37788,22632,7532.34,0.13,28714.35
1040,2022-01-19,2024,Jan,Q1,Caramel,Mid-range,East India,E-Commerce,690,55,41075.54,26220,10296.27,0.01,37570.5
1041,2022-01-27,2024,Jan,Q1,Dairy Milk,Mid-range,International,Modern Trade,375,45,23287.2,13125,5103.1,0.11,15018.75
1042,2022-01-05,2025,Jan,Q1,Dairy Milk Silk,Premium,International,Modern Trade,1757,75,167396.47,91364,58302.56,0.08,121233
1043,2022-01-18,2024,Jan,Q1,5 Star,Value,International,General Trade,1551,30,34095.23,34122,10056.99,0.07,43272.9
1044,2022-01-20,2024,Jan,Q1,Perk,Value,International,General Trade,742,25,12257.98,13356,2492.38,0.08,17066
1045,2022-01-25,2024,Jan,Q1,Bournville,Premium,International,Institutional,633,90,64806.73,41145,19961.79,0.14,48994.2
1046,2022-01-22,2024,Jan,Q1,Gems,Value,International,General Trade,1660,20,35182,23240,7592.63,0.05,31540
1047,2022-01-15,2025,Jan,Q1,Celebrations Box,Premium,International,E-Commerce,1097,250,258547.29,197460,64859.85,0.13,238597.5
1048,2022-01-11,2025,Jan,Q1,Oreo,Mid-range,International,Modern Trade,707,40,26925.54,19796,7864.67,0.03,27431.6
1049,2022-01-19,2024,Jan,Q1,Fuse,Value,International,Modern Trade,1404,35,46446.85,33696,8624.39,0.08,45208.8
1050,2022-01-21,2023,Jan,Q1,Caramel,Mid-range,International,General Trade,214,55,10973.38,8132,2137.89,0.01,11652.3
1051,2022-02-02,2024,Feb,Q1,Dairy Milk,Mid-range,North India,Modern Trade,801,45,51842.34,28035,11832.91,0.01,35684.55
1052,2022-02-09,2025,Feb,Q1,Dairy Milk Silk,Premium,North India,E-Commerce,414,75,53430.71,21528,18221.73,0.08,28566
1053,2022-02-24,2023,Feb,Q1,5 Star,Value,North India,Institutional,765,30,17832.62,16830,5685.41,0.08,21114
1054,2022-02-26,2023,Feb,Q1,Perk,Value,North India,Institutional,836,25,15437.24,15048,2972.52,0.12,18392
1055,2022-02-22,2024,Feb,Q1,Bournville,Premium,North India,Institutional,706,90,67984.58,45890,12951.85,0.01,62904.6
1056,2022-02-15,2025,Feb,Q1,Gems,Value,North India,Institutional,1110,20,22058.65,15540,6212.55,0.06,20868
1057,2022-02-21,2024,Feb,Q1,Celebrations Box,Premium,North India,Modern Trade,1894,250,501590.36,340920,101958.18,0.1,426150
1058,2022-02-11,2025,Feb,Q1,Oreo,Mid-range,North India,Modern Trade,388,40,18404.17,10864,4284.7,0.06,14588.8
1059,2022-02-18,2025,Feb,Q1,Fuse,Value,North India,Modern Trade,850,35,29110.37,20400,5956.71,0.03,28857.5
1060,2022-02-09,2023,Feb,Q1,Caramel,Mid-range,North India,Institutional,584,55,34768.96,22192,9913.94,0.06,30192.8
1061,2022-02-03,2024,Feb,Q1,Dairy Milk,Mid-range,South India,Institutional,853,45,50424.41,29855,14788.73,0.13,33394.95
1062,2022-02-18,2024,Feb,Q1,Dairy Milk Silk,Premium,South India,Institutional,2224,75,211274.77,115648,47796.95,0.13,145116
1063,2022-02-18,2023,Feb,Q1,5 Star,Value,South India,Modern Trade,363,30,8488.83,7986,2303.36,0.1,9801
1064,2022-02-28,2024,Feb,Q1,Perk,Value,South India,Modern Trade,469,25,10283.28,8442,3597.67,0.14,10083.5
1065,2022-02-16,2025,Feb,Q1,Bournville,Premium,South India,General Trade,648,90,57278.6,42120,11510.52,0.06,54820.8
1066,2022-02-02,2025,Feb,Q1,Gems,Value,South India,General Trade,2364,20,43789.41,33096,14915.94,0.06,44443.2
1067,2022-02-13,2024,Feb,Q1,Celebrations Box,Premium,South India,General Trade,1171,250,334710.17,210780,79308.18,0,292750
1068,2022-02-10,2023,Feb,Q1,Oreo,Mid-range,South India,E-Commerce,2166,40,78690.7,60648,16073,0.12,76243.2
1069,2022-02-26,2025,Feb,Q1,Fuse,Value,South India,Institutional,1951,35,69135.11,46824,12829.88,0.14,58725.1
1070,2022-02-07,2025,Feb,Q1,Caramel,Mid-range,South India,Institutional,620,55,33243.05,23560,9731.19,0.03,33077
1071,2022-02-02,2023,Feb,Q1,Dairy Milk,Mid-range,West India,Modern Trade,1663,45,94037.96,58205,24378.76,0.11,66603.15
1072,2022-02-16,2025,Feb,Q1,Dairy Milk Silk,Premium,West India,E-Commerce,380,75,35191.48,19760,8523.75,0.01,28215
1073,2022-02-03,2025,Feb,Q1,5 Star,Value,West India,General Trade,379,30,8691,8338,2511.78,0.14,9778.2
1074,2022-02-22,2024,Feb,Q1,Perk,Value,West India,General Trade,408,25,8726.92,7344,2189.1,0.09,9282
1075,2022-02-19,2023,Feb,Q1,Bournville,Premium,West India,General Trade,1231,90,116611.27,80015,23129.73,0.02,108574.2
1076,2022-02-20,2023,Feb,Q1,Gems,Value,West India,General Trade,1662,20,28536.71,23268,8348.74,0.09,30248.4
1077,2022-02-19,2023,Feb,Q1,Celebrations Box,Premium,West India,Modern Trade,1269,250,366616,228420,93932.45,0.1,285525
1078,2022-02-23,2025,Feb,Q1,Oreo,Mid-range,West India,E-Commerce,880,40,34918.16,24640,10729.44,0.03,34144
1079,2022-02-05,2024,Feb,Q1,Fuse,Value,West India,E-Commerce,825,35,29775.78,19800,5852.83,0.04,27720
1080,2022-02-25,2023,Feb,Q1,Caramel,Mid-range,West India,E-Commerce,1363,55,67481.28,51794,14243.11,0.05,71216.75
1081,2022-02-19,2023,Feb,Q1,Dairy Milk,Mid-range,East India,Modern Trade,262,45,14908.72,9170,2694.97,0.07,10964.7
1082,2022-02-17,2023,Feb,Q1,Dairy Milk Silk,Premium,East India,Modern Trade,420,75,53095.89,21840,10859.7,0.08,28980
1083,2022-02-03,2023,Feb,Q1,5 Star,Value,East India,E-Commerce,565,30,14266.96,12430,4116.99,0.14,14577
1084,2022-02-15,2024,Feb,Q1,Perk,Value,East India,General Trade,1147,25,22499.73,20646,5182.96,0.04,27528
1085,2022-02-26,2024,Feb,Q1,Bournville,Premium,East India,E-Commerce,1742,90,201704.75,113230,48755.85,0.15,133263
1086,2022-02-10,2025,Feb,Q1,Gems,Value,East India,Modern Trade,1880,20,33586.11,26320,6114.2,0.12,33088
1087,2022-02-04,2023,Feb,Q1,Celebrations Box,Premium,East India,Modern Trade,2397,250,640568.87,431460,146554.83,0.02,587265
1088,2022-02-09,2024,Feb,Q1,Oreo,Mid-range,East India,Modern Trade,2064,40,85839.87,57792,29450.45,0.08,75955.2
1089,2022-02-11,2023,Feb,Q1,Fuse,Value,East India,E-Commerce,1725,35,60413.34,41400,17090.21,0.03,58563.75
1090,2022-02-09,2024,Feb,Q1,Caramel,Mid-range,East India,General Trade,1928,55,126895.76,73264,34816.18,0.1,95436
1091,2022-02-28,2024,Feb,Q1,Dairy Milk,Mid-range,International,Institutional,856,45,56058.07,29960,10635.15,0.14,33127.2
1092,2022-02-27,2023,Feb,Q1,Dairy Milk Silk,Premium,International,Modern Trade,466,75,43935.3,24232,11842.75,0.1,31455
1093,2022-02-25,2024,Feb,Q1,5 Star,Value,International,E-Commerce,348,30,9231.94,7656,2868.26,0,10440
1094,2022-02-06,2025,Feb,Q1,Perk,Value,International,General Trade,1804,25,33175.67,32472,7369.48,0.15,38335
1095,2022-02-18,2024,Feb,Q1,Bournville,Premium,International,Institutional,1594,90,147598.05,103610,41223.2,0.11,127679.4
1096,2022-02-23,2023,Feb,Q1,Gems,Value,International,Modern Trade,514,20,10574.64,7196,3624.57,0.01,10177.2
1097,2022-02-12,2025,Feb,Q1,Celebrations Box,Premium,International,General Trade,1580,250,359872.6,284400,74992.15,0.01,391050
1098,2022-02-10,2025,Feb,Q1,Oreo,Mid-range,International,General Trade,1296,40,54036.77,36288,10068.9,0.02,50803.2
1099,2022-02-02,2025,Feb,Q1,Fuse,Value,International,E-Commerce,2196,35,69860.62,52704,23883.47,0.15,65331
1100,2022-02-22,2025,Feb,Q1,Caramel,Mid-range,International,E-Commerce,756,55,35885.61,28728,12112.94,0.1,37422
1101,2022-03-28,2024,Mar,Q1,Dairy Milk,Mid-range,North India,Modern Trade,924,45,57808.26,32340,17340.67,0.12,36590.4
1102,2022-03-08,2025,Mar,Q1,Dairy Milk Silk,Premium,North India,Institutional,1471,75,185898.44,76492,44006.42,0.11,98189.25
1103,2022-03-14,2024,Mar,Q1,5 Star,Value,North India,General Trade,1838,30,46220.13,40436,8888.37,0.12,48523.2
1104,2022-03-11,2025,Mar,Q1,Perk,Value,North India,Modern Trade,567,25,11487.65,10206,3691.81,0.11,12615.75
1105,2022-03-24,2025,Mar,Q1,Bournville,Premium,North India,Institutional,1842,90,205764.7,119730,69700.94,0.1,149202
1106,2022-03-23,2025,Mar,Q1,Gems,Value,North India,General Trade,746,20,15285.36,10444,5020.45,0.02,14621.6
1107,2022-03-28,2024,Mar,Q1,Celebrations Box,Premium,North India,Modern Trade,983,250,251090.63,176940,64060.49,0.13,213802.5
1108,2022-03-15,2025,Mar,Q1,Oreo,Mid-range,North India,Institutional,655,40,28793.09,18340,8940.19,0.03,25414
1109,2022-03-28,2025,Mar,Q1,Fuse,Value,North India,E-Commerce,825,35,24785.44,19800,7051.98,0.12,25410
1110,2022-03-07,2023,Mar,Q1,Caramel,Mid-range,North India,General Trade,656,55,37990.77,24928,11137.77,0,36080
1111,2022-03-03,2024,Mar,Q1,Dairy Milk,Mid-range,South India,Institutional,872,45,67154.21,30520,13671.27,0.04,37670.4
1112,2022-03-13,2025,Mar,Q1,Dairy Milk Silk,Premium,South India,E-Commerce,919,75,105789.09,47788,33173.92,0.1,62032.5
1113,2022-03-09,2025,Mar,Q1,5 Star,Value,South India,E-Commerce,256,30,5275.6,5632,1034.91,0.02,7526.4
1114,2022-03-09,2025,Mar,Q1,Perk,Value,South India,General Trade,1389,25,29043.23,25002,5772.75,0.14,29863.5
1115,2022-03-12,2025,Mar,Q1,Bournville,Premium,South India,Modern Trade,422,90,47988.32,27430,12717.31,0.09,34561.8
1116,2022-03-17,2023,Mar,Q1,Gems,Value,South India,E-Commerce,1093,20,20724.87,15302,4584.77,0.09,19892.6
1117,2022-03-07,2025,Mar,Q1,Celebrations Box,Premium,South India,Modern Trade,988,250,250867.86,177840,79825.09,0.13,214890
1118,2022-03-01,2023,Mar,Q1,Oreo,Mid-range,South India,E-Commerce,290,40,13542.65,8120,3475.93,0.11,10324
1119,2022-03-22,2025,Mar,Q1,Fuse,Value,South India,General Trade,945,35,29036.32,22680,9918.74,0.06,31090.5
1120,2022-03-28,2024,Mar,Q1,Caramel,Mid-range,South India,E-Commerce,1476,55,84080.33,56088,16525.99,0.05,77121
1121,2022-03-17,2023,Mar,Q1,Dairy Milk,Mid-range,West India,Modern Trade,1674,45,98493.29,58590,31264.35,0.14,64783.8
1122,2022-03-13,2024,Mar,Q1,Dairy Milk Silk,Premium,West India,E-Commerce,1565,75,182071.19,81380,61759.69,0.06,110332.5
1123,2022-03-14,2024,Mar,Q1,5 Star,Value,West India,E-Commerce,1335,30,27094.01,29370,8959.54,0.02,39249
1124,2022-03-06,2025,Mar,Q1,Perk,Value,West India,Institutional,1587,25,25868.73,28566,4839.37,0.11,35310.75
1125,2022-03-01,2025,Mar,Q1,Bournville,Premium,West India,E-Commerce,1031,90,103627.82,67015,27916.58,0.08,85366.8
1126,2022-03-26,2025,Mar,Q1,Gems,Value,West India,E-Commerce,787,20,14162.73,11018,4513.99,0.03,15267.8
1127,2022-03-22,2024,Mar,Q1,Celebrations Box,Premium,West India,E-Commerce,1152,250,294364.52,207360,67631.42,0.07,267840
1128,2022-03-26,2024,Mar,Q1,Oreo,Mid-range,West India,General Trade,1246,40,46783.43,34888,11239.25,0.07,46351.2
1129,2022-03-17,2024,Mar,Q1,Fuse,Value,West India,General Trade,1549,35,47578.65,37176,13603.43,0.01,53672.85
1130,2022-03-25,2025,Mar,Q1,Caramel,Mid-range,West India,E-Commerce,391,55,19164.41,14858,6047.53,0.12,18924.4
1131,2022-03-26,2024,Mar,Q1,Dairy Milk,Mid-range,East India,General Trade,1577,45,89421.54,55195,20080.58,0.05,67416.75
1132,2022-03-08,2023,Mar,Q1,Dairy Milk Silk,Premium,East India,General Trade,501,75,60658.49,26052,14604.77,0,37575
1133,2022-03-03,2024,Mar,Q1,5 Star,Value,East India,Institutional,1451,30,36839.32,31922,7361.29,0.13,37871.1
1134,2022-03-19,2024,Mar,Q1,Perk,Value,East India,Institutional,1048,25,23579.02,18864,5325.47,0.13,22794
1135,2022-03-16,2025,Mar,Q1,Bournville,Premium,East India,General Trade,1671,90,154171.75,108615,30752.13,0.1,135351
1136,2022-03-23,2025,Mar,Q1,Gems,Value,East India,Institutional,699,20,16721.03,9786,5650.85,0.02,13700.4
1137,2022-03-04,2025,Mar,Q1,Celebrations Box,Premium,East India,Modern Trade,1737,250,411791.46,312660,112064.14,0.13,377797.5
1138,2022-03-23,2023,Mar,Q1,Oreo,Mid-range,East India,Institutional,648,40,26389.19,18144,8571.24,0.03,25142.4
1139,2022-03-28,2024,Mar,Q1,Fuse,Value,East India,Institutional,302,35,12273.03,7248,4057.49,0.08,9724.4
1140,2022-03-15,2025,Mar,Q1,Caramel,Mid-range,East India,Modern Trade,1134,55,57117.13,43092,12330.31,0.02,61122.6
1141,2022-03-20,2025,Mar,Q1,Dairy Milk,Mid-range,International,E-Commerce,1746,45,104943.56,61110,32172.63,0.13,68355.9
1142,2022-03-15,2023,Mar,Q1,Dairy Milk Silk,Premium,International,Institutional,1901,75,233903.75,98852,44167.56,0.14,122614.5
1143,2022-03-15,2023,Mar,Q1,5 Star,Value,International,General Trade,1723,30,40304.86,37906,13880.73,0.13,44970.3
1144,2022-03-21,2025,Mar,Q1,Perk,Value,International,E-Commerce,1739,25,35465.96,31302,6648.95,0.04,41736
1145,2022-03-16,2023,Mar,Q1,Bournville,Premium,International,E-Commerce,1768,90,187436.71,114920,46657.93,0.12,140025.6
1146,2022-03-23,2025,Mar,Q1,Gems,Value,International,General Trade,762,20,15822.26,10668,4170.95,0.07,14173.2
1147,2022-03-11,2025,Mar,Q1,Celebrations Box,Premium,International,E-Commerce,680,250,169186.14,122400,53660.8,0.04,163200
1148,2022-03-13,2023,Mar,Q1,Oreo,Mid-range,International,Modern Trade,483,40,22448,13524,6435.75,0.02,18933.6
1149,2022-03-14,2024,Mar,Q1,Fuse,Value,International,General Trade,1646,35,54563.69,39504,17538.57,0.03,55881.7
1150,2022-03-14,2024,Mar,Q1,Caramel,Mid-range,International,Institutional,877,55,48091.8,33326,14174.5,0.08,44376.2
1151,2022-04-13,2024,Apr,Q2,Dairy Milk,Mid-range,North India,Modern Trade,623,45,41986.4,21805,11051.79,0.12,24670.8
1152,2022-04-19,2024,Apr,Q2,Dairy Milk Silk,Premium,North India,Modern Trade,1954,75,218086.99,101608,54720.01,0.13,127498.5
1153,2022-04-12,2024,Apr,Q2,5 Star,Value,North India,Institutional,1176,30,26282.09,25872,8695.41,0,35280
1154,2022-04-27,2024,Apr,Q2,Perk,Value,North India,E-Commerce,1743,25,31739.57,31374,10664.8,0.06,40960.5
1155,2022-04-18,2023,Apr,Q2,Bournville,Premium,North India,Institutional,1302,90,114956.36,84630,38641.55,0.11,104290.2
1156,2022-04-14,2023,Apr,Q2,Gems,Value,North India,General Trade,1199,20,23269.55,16786,6335.9,0.03,23260.6
1157,2022-04-22,2024,Apr,Q2,Celebrations Box,Premium,North India,Institutional,259,250,60823.46,46620,20663.01,0.06,60865
1158,2022-04-15,2025,Apr,Q2,Oreo,Mid-range,North India,Institutional,1683,40,67300.98,47124,20656.95,0.02,65973.6
1159,2022-04-13,2024,Apr,Q2,Fuse,Value,North India,General Trade,1474,35,58668.21,35376,15307.59,0.08,47462.8
1160,2022-04-05,2024,Apr,Q2,Caramel,Mid-range,North India,Modern Trade,371,55,21116.47,14098,6545.55,0.1,18364.5
1161,2022-04-13,2024,Apr,Q2,Dairy Milk,Mid-range,South India,Institutional,572,45,44603.87,20020,9061.08,0.01,25482.6
1162,2022-04-11,2024,Apr,Q2,Dairy Milk Silk,Premium,South India,E-Commerce,633,75,80676.04,32916,19212.1,0.07,44151.75
1163,2022-04-27,2025,Apr,Q2,5 Star,Value,South India,Institutional,769,30,18086.75,16918,3830.44,0.11,20532.3
1164,2022-04-16,2024,Apr,Q2,Perk,Value,South India,Institutional,716,25,11706.5,12888,3948.87,0.13,15573
1165,2022-04-12,2023,Apr,Q2,Bournville,Premium,South India,Modern Trade,1734,90,200127.11,112710,41382.06,0.08,143575.2
1166,2022-04-21,2024,Apr,Q2,Gems,Value,South India,General Trade,1531,20,35320.31,21434,8734.27,0.01,30313.8
1167,2022-04-08,2025,Apr,Q2,Celebrations Box,Premium,South India,Modern Trade,1744,250,511987.24,313920,165165.4,0,436000
1168,2022-04-05,2025,Apr,Q2,Oreo,Mid-range,South India,General Trade,1918,40,70725.65,53704,16815.36,0,76720
1169,2022-04-04,2025,Apr,Q2,Fuse,Value,South India,General Trade,458,35,17069.96,10992,4698.36,0.07,14907.9
1170,2022-04-25,2023,Apr,Q2,Caramel,Mid-range,South India,General Trade,1152,55,70463.82,43776,23417.46,0.1,57024
1171,2022-04-24,2025,Apr,Q2,Dairy Milk,Mid-range,West India,E-Commerce,543,45,34684.67,19005,10038.5,0.09,22235.85
1172,2022-04-10,2024,Apr,Q2,Dairy Milk Silk,Premium,West India,Modern Trade,1792,75,207765.33,93184,39576.81,0.12,118272
1173,2022-04-10,2023,Apr,Q2,5 Star,Value,West India,Modern Trade,1385,30,33472.61,30470,11481.87,0,41550
1174,2022-04-07,2025,Apr,Q2,Perk,Value,West India,Institutional,1012,25,22684.79,18216,7323.71,0.14,21758
1175,2022-04-21,2025,Apr,Q2,Bournville,Premium,West India,Modern Trade,1412,90,158425.7,91780,30913.99,0.1,114372
1176,2022-04-10,2023,Apr,Q2,Gems,Value,West India,General Trade,408,20,8823.56,5712,1982.4,0.1,7344
1177,2022-04-26,2023,Apr,Q2,Celebrations Box,Premium,West India,Modern Trade,1830,250,476538.68,329400,140774.26,0.15,388875
1178,2022-04-22,2024,Apr,Q2,Oreo,Mid-range,West India,Modern Trade,911,40,42221.02,25508,10541.93,0.08,33524.8
1179,2022-04-11,2025,Apr,Q2,Fuse,Value,West India,E-Commerce,341,35,10224.34,8184,2978.51,0.08,10980.2
1180,2022-04-16,2024,Apr,Q2,Caramel,Mid-range,West India,Modern Trade,1939,55,102382.39,73682,20196.07,0.06,100246.3
1181,2022-04-21,2024,Apr,Q2,Dairy Milk,Mid-range,East India,Modern Trade,1087,45,64336.44,38045,14497.65,0.14,42066.9
1182,2022-04-06,2024,Apr,Q2,Dairy Milk Silk,Premium,East India,Institutional,1648,75,169026.78,85696,34797.4,0.02,121128
1183,2022-04-18,2025,Apr,Q2,5 Star,Value,East India,E-Commerce,1461,30,28880.48,32142,8144.01,0.12,38570.4
1184,2022-04-24,2025,Apr,Q2,Perk,Value,East India,Institutional,1152,25,21890.19,20736,7005.06,0.07,26784
1185,2022-04-27,2024,Apr,Q2,Bournville,Premium,East India,E-Commerce,860,90,106099.76,55900,31995.05,0.13,67338
1186,2022-04-08,2025,Apr,Q2,Gems,Value,East India,Modern Trade,771,20,15635.81,10794,3067.86,0.13,13415.4
1187,2022-04-13,2025,Apr,Q2,Celebrations Box,Premium,East India,Institutional,1367,250,395960.78,246060,130952.18,0.09,310992.5
1188,2022-04-11,2024,Apr,Q2,Oreo,Mid-range,East India,E-Commerce,258,40,9651.23,7224,3131.54,0.07,9597.6
1189,2022-04-26,2023,Apr,Q2,Fuse,Value,East India,General Trade,1198,35,42253.98,28752,8085.24,0.03,40672.1
1190,2022-04-20,2024,Apr,Q2,Caramel,Mid-range,East India,E-Commerce,897,55,48226.7,34086,15871.83,0.04,47361.6
1191,2022-04-07,2023,Apr,Q2,Dairy Milk,Mid-range,International,E-Commerce,1338,45,74657.79,46830,23680.05,0,60210
1192,2022-04-16,2024,Apr,Q2,Dairy Milk Silk,Premium,International,Modern Trade,694,75,70194.99,36088,16346.29,0.11,46324.5
1193,2022-04-23,2025,Apr,Q2,5 Star,Value,International,General Trade,1614,30,37990.26,35508,8377.86,0.07,45030.6
1194,2022-04-03,2025,Apr,Q2,Perk,Value,International,Institutional,1117,25,20126.97,20106,3873.98,0.12,24574
1195,2022-04-08,2025,Apr,Q2,Bournville,Premium,International,E-Commerce,653,90,72668.79,42445,21474.91,0.06,55243.8
1196,2022-04-16,2024,Apr,Q2,Gems,Value,International,E-Commerce,1559,20,29419.04,21826,8640.51,0.09,28373.8
1197,2022-04-18,2024,Apr,Q2,Celebrations Box,Premium,International,E-Commerce,1071,250,315936.67,192780,107606.66,0.15,227587.5
1198,2022-04-09,2025,Apr,Q2,Oreo,Mid-range,International,E-Commerce,920,40,32215.46,25760,8701.31,0.11,32752
1199,2022-04-24,2024,Apr,Q2,Fuse,Value,International,E-Commerce,714,35,26165.52,17136,8897.23,0.03,24240.3
1200,2022-04-18,2025,Apr,Q2,Caramel,Mid-range,International,General Trade,846,55,44117.83,32148,10276.32,0.02,45599.4
1201,2022-05-16,2025,May,Q2,Dairy Milk,Mid-range,North India,General Trade,592,45,41462.78,20720,13567.8,0.03,25840.8
1202,2022-05-25,2023,May,Q2,Dairy Milk Silk,Premium,North India,E-Commerce,1683,75,157074.49,87516,30069.01,0.09,114864.75
1203,2022-05-10,2025,May,Q2,5 Star,Value,North India,E-Commerce,405,30,7777.02,8910,2500.77,0.12,10692
1204,2022-05-01,2025,May,Q2,Perk,Value,North India,General Trade,939,25,17772.91,16902,4484.94,0.03,22770.75
1205,2022-05-02,2024,May,Q2,Bournville,Premium,North India,General Trade,761,90,87272.96,49465,25521.13,0.01,67805.1
1206,2022-05-21,2025,May,Q2,Gems,Value,North India,E-Commerce,1628,20,37832.06,22792,11360.45,0.14,28001.6
1207,2022-05-19,2025,May,Q2,Celebrations Box,Premium,North India,Institutional,410,250,102666.17,73800,30001.14,0.13,89175
1208,2022-05-11,2024,May,Q2,Oreo,Mid-range,North India,E-Commerce,1161,40,52258.22,32508,12271.29,0.07,43189.2
1209,2022-05-28,2024,May,Q2,Fuse,Value,North India,General Trade,305,35,9080.98,7320,2200.43,0.04,10248
1210,2022-05-13,2024,May,Q2,Caramel,Mid-range,North India,Institutional,433,55,28076.93,16454,8852.36,0.12,20957.2
1211,2022-05-22,2024,May,Q2,Dairy Milk,Mid-range,South India,Institutional,351,45,22185.47,12285,7547.72,0.09,14373.45
1212,2022-05-19,2025,May,Q2,Dairy Milk Silk,Premium,South India,Modern Trade,510,75,51834.16,26520,17041.91,0.02,37485
1213,2022-05-04,2023,May,Q2,5 Star,Value,South India,E-Commerce,374,30,8607.96,8228,1593.69,0.15,9537
1214,2022-05-20,2025,May,Q2,Perk,Value,South India,Institutional,1441,25,28379.44,25938,5898.2,0.09,32782.75
1215,2022-05-15,2025,May,Q2,Bournville,Premium,South India,General Trade,1788,90,169949.22,116220,55046.07,0.08,148046.4
1216,2022-05-14,2023,May,Q2,Gems,Value,South India,Institutional,808,20,15117.82,11312,5063.6,0.13,14059.2
1217,2022-05-20,2025,May,Q2,Celebrations Box,Premium,South India,E-Commerce,1364,250,404304.31,245520,106428.34,0.09,310310
1218,2022-05-07,2025,May,Q2,Oreo,Mid-range,South India,Modern Trade,1762,40,69983.68,49336,13044.27,0.03,68365.6
1219,2022-05-08,2023,May,Q2,Fuse,Value,South India,E-Commerce,1552,35,54513.76,37248,14246.75,0.01,53776.8
1220,2022-05-01,2025,May,Q2,Caramel,Mid-range,South India,General Trade,1330,55,69222.66,50540,21521.04,0.01,72418.5
1221,2022-05-16,2025,May,Q2,Dairy Milk,Mid-range,West India,Institutional,1122,45,69037.49,39270,16428.79,0.1,45441
1222,2022-05-23,2024,May,Q2,Dairy Milk Silk,Premium,West India,E-Commerce,266,75,25114.28,13832,7707.89,0.03,19351.5
1223,2022-05-03,2024,May,Q2,5 Star,Value,West India,E-Commerce,1639,30,33808.59,36058,8108.01,0.13,42777.9
1224,2022-05-21,2025,May,Q2,Perk,Value,West India,General Trade,741,25,14346.85,13338,4948.09,0.12,16302
1225,2022-05-08,2025,May,Q2,Bournville,Premium,West India,General Trade,1070,90,113187.09,69550,37551.41,0.02,94374
1226,2022-05-03,2023,May,Q2,Gems,Value,West India,General Trade,744,20,13849.14,10416,3907.79,0.12,13094.4
1227,2022-05-20,2024,May,Q2,Celebrations Box,Premium,West India,Modern Trade,539,250,123747.73,97020,41349.68,0.12,118580
1228,2022-05-23,2024,May,Q2,Oreo,Mid-range,West India,E-Commerce,1099,40,40484.12,30772,7592.61,0.02,43080.8
1229,2022-05-09,2024,May,Q2,Fuse,Value,West India,E-Commerce,1633,35,49393.75,39192,14437.22,0.06,53725.7
1230,2022-05-02,2023,May,Q2,Caramel,Mid-range,West India,Institutional,1096,55,69530.23,41648,13204.19,0.01,59677.2
1231,2022-05-09,2025,May,Q2,Dairy Milk,Mid-range,East India,Institutional,1704,45,107005.55,59640,25623.76,0.05,72846
1232,2022-05-22,2025,May,Q2,Dairy Milk Silk,Premium,East India,Modern Trade,387,75,38266.68,20124,12382.25,0.03,28154.25
1233,2022-05-09,2025,May,Q2,5 Star,Value,East India,Modern Trade,1766,30,35722.34,38852,10684.12,0.1,47682
1234,2022-05-16,2024,May,Q2,Perk,Value,East India,Modern Trade,1762,25,29370.71,31716,9650.35,0.11,39204.5
1235,2022-05-19,2023,May,Q2,Bournville,Premium,East India,Institutional,769,90,83706.04,49985,18567.05,0.03,67133.7
1236,2022-05-03,2023,May,Q2,Gems,Value,East India,Institutional,1500,20,30778.63,21000,8445.56,0.12,26400
1237,2022-05-11,2023,May,Q2,Celebrations Box,Premium,East India,Institutional,912,250,243542.49,164160,45202.69,0.06,214320
1238,2022-05-14,2023,May,Q2,Oreo,Mid-range,East India,Modern Trade,1956,40,75537.8,54768,22937.42,0.02,76675.2
1239,2022-05-13,2025,May,Q2,Fuse,Value,East India,Institutional,790,35,24366.32,18960,8334.78,0.1,24885
1240,2022-05-09,2024,May,Q2,Caramel,Mid-range,East India,Modern Trade,1131,55,56487.02,42978,10695.43,0.01,61582.95
1241,2022-05-13,2023,May,Q2,Dairy Milk,Mid-range,International,E-Commerce,437,45,31909.45,15295,11044.42,0.15,16715.25
1242,2022-05-15,2024,May,Q2,Dairy Milk Silk,Premium,International,Modern Trade,1546,75,173705.92,80392,52041.23,0.13,100876.5
1243,2022-05-12,2025,May,Q2,5 Star,Value,International,Institutional,311,30,6377.89,6842,1644.81,0.03,9050.1
1244,2022-05-02,2025,May,Q2,Perk,Value,International,Institutional,1480,25,30064.28,26640,7423.35,0.07,34410
1245,2022-05-10,2023,May,Q2,Bournville,Premium,International,General Trade,746,90,82058.09,48490,20950.62,0.08,61768.8
1246,2022-05-01,2025,May,Q2,Gems,Value,International,Institutional,1630,20,33552.84,22820,10775.52,0.07,30318
1247,2022-05-18,2025,May,Q2,Celebrations Box,Premium,International,General Trade,1653,250,356484.25,297540,110855.58,0.02,404985
1248,2022-05-08,2023,May,Q2,Oreo,Mid-range,International,Modern Trade,1331,40,58379.73,37268,20137.24,0.06,50045.6
1249,2022-05-21,2024,May,Q2,Fuse,Value,International,Modern Trade,1145,35,34511.02,27480,6649.61,0.14,34464.5
1250,2022-05-10,2023,May,Q2,Caramel,Mid-range,International,General Trade,1220,55,80214.17,46360,26739.29,0.14,57706
1251,2022-06-16,2023,Jun,Q2,Dairy Milk,Mid-range,North India,E-Commerce,1050,45,74377.38,36750,22340.25,0.13,41107.5
1252,2022-06-13,2023,Jun,Q2,Dairy Milk Silk,Premium,North India,General Trade,1135,75,117313.31,59020,34231.25,0.08,78315
1253,2022-06-05,2023,Jun,Q2,5 Star,Value,North India,General Trade,1427,30,33297.11,31394,8052.59,0.08,39385.2
1254,2022-06-28,2025,Jun,Q2,Perk,Value,North India,Modern Trade,765,25,16275.22,13770,5338.4,0.12,16830
1255,2022-06-17,2025,Jun,Q2,Bournville,Premium,North India,Institutional,896,90,110912.12,58240,21781.47,0.14,69350.4
1256,2022-06-24,2024,Jun,Q2,Gems,Value,North India,E-Commerce,1880,20,39045.4,26320,9968.15,0,37600
1257,2022-06-22,2025,Jun,Q2,Celebrations Box,Premium,North India,E-Commerce,1915,250,561317.68,344700,130056.01,0.09,435662.5
1258,2022-06-18,2023,Jun,Q2,Oreo,Mid-range,North India,Institutional,1972,40,81555.83,55216,22577.23,0.02,77302.4
1259,2022-06-25,2023,Jun,Q2,Fuse,Value,North India,Institutional,906,35,32848.21,21744,9149.86,0.05,30124.5
1260,2022-06-28,2025,Jun,Q2,Caramel,Mid-range,North India,Institutional,1132,55,60062.79,43016,10972.85,0.14,53543.6
1261,2022-06-13,2025,Jun,Q2,Dairy Milk,Mid-range,South India,General Trade,1628,45,101165.12,56980,27877.36,0.04,70329.6
1262,2022-06-02,2024,Jun,Q2,Dairy Milk Silk,Premium,South India,General Trade,1953,75,206952.4,101556,42669.53,0.12,128898
1263,2022-06-26,2025,Jun,Q2,5 Star,Value,South India,E-Commerce,1725,30,35814.63,37950,9706.16,0.07,48127.5
1264,2022-06-26,2025,Jun,Q2,Perk,Value,South India,Institutional,990,25,16577.61,17820,4709.85,0.15,21037.5
1265,2022-06-05,2023,Jun,Q2,Bournville,Premium,South India,General Trade,1214,90,115295.44,78910,26242.04,0.14,93963.6
1266,2022-06-28,2023,Jun,Q2,Gems,Value,South India,E-Commerce,1981,20,37838.34,27734,12551.36,0.02,38827.6
1267,2022-06-15,2025,Jun,Q2,Celebrations Box,Premium,South India,Institutional,404,250,114119.66,72720,35043.8,0.08,92920
1268,2022-06-28,2023,Jun,Q2,Oreo,Mid-range,South India,Modern Trade,1679,40,60214.87,47012,15739.82,0.02,65816.8
1269,2022-06-09,2023,Jun,Q2,Fuse,Value,South India,General Trade,353,35,12129.47,8472,2736.81,0.07,11490.15
1270,2022-06-21,2025,Jun,Q2,Caramel,Mid-range,South India,E-Commerce,1476,55,95834.22,56088,17490.76,0.1,73062
1271,2022-06-22,2025,Jun,Q2,Dairy Milk,Mid-range,West India,Modern Trade,1944,45,149132.68,68040,41158.45,0.05,83106
1272,2022-06-25,2025,Jun,Q2,Dairy Milk Silk,Premium,West India,Institutional,848,75,86423.05,44096,26964.87,0.09,57876
1273,2022-06-20,2025,Jun,Q2,5 Star,Value,West India,Institutional,1986,30,50576.84,43692,15294.93,0.08,54813.6
1274,2022-06-10,2023,Jun,Q2,Perk,Value,West India,Modern Trade,680,25,11587.61,12240,3614.97,0.09,15470
1275,2022-06-04,2023,Jun,Q2,Bournville,Premium,West India,General Trade,1729,90,163190.48,112385,36218.36,0.01,154053.9
1276,2022-06-10,2024,Jun,Q2,Gems,Value,West India,Modern Trade,1108,20,23377.51,15512,6257.76,0.02,21716.8
1277,2022-06-02,2024,Jun,Q2,Celebrations Box,Premium,West India,Modern Trade,294,250,86283.42,52920,21360.44,0.05,69825
1278,2022-06-05,2023,Jun,Q2,Oreo,Mid-range,West India,E-Commerce,934,40,40393.35,26152,10359.34,0.06,35118.4
1279,2022-06-22,2024,Jun,Q2,Fuse,Value,West India,General Trade,1287,35,41300.58,30888,8772.24,0.06,42342.3
1280,2022-06-20,2025,Jun,Q2,Caramel,Mid-range,West India,General Trade,548,55,32714.63,20824,10207.49,0.03,29235.8
1281,2022-06-16,2023,Jun,Q2,Dairy Milk,Mid-range,East India,Institutional,1469,45,82934.06,51415,17132.11,0.1,59494.5
1282,2022-06-09,2024,Jun,Q2,Dairy Milk Silk,Premium,East India,General Trade,675,75,70776.79,35100,22048,0.07,47081.25
1283,2022-06-26,2023,Jun,Q2,5 Star,Value,East India,Institutional,722,30,13879.75,15884,3545.28,0.1,19494
1284,2022-06-06,2023,Jun,Q2,Perk,Value,East India,Institutional,789,25,12737.52,14202,2812.72,0.1,17752.5
1285,2022-06-19,2024,Jun,Q2,Bournville,Premium,East India,Modern Trade,1104,90,112032.22,71760,33465.6,0.14,85449.6
1286,2022-06-23,2024,Jun,Q2,Gems,Value,East India,E-Commerce,1508,20,27755.76,21112,9682.48,0.14,25937.6
1287,2022-06-07,2024,Jun,Q2,Celebrations Box,Premium,East India,E-Commerce,1135,250,270799.85,204300,62590.41,0.13,246862.5
1288,2022-06-08,2025,Jun,Q2,Oreo,Mid-range,East India,Institutional,1947,40,78893.95,54516,15350.09,0.07,72428.4
1289,2022-06-10,2024,Jun,Q2,Fuse,Value,East India,Institutional,1371,35,42419.84,32904,8676.75,0.05,45585.75
1290,2022-06-22,2023,Jun,Q2,Caramel,Mid-range,East India,E-Commerce,244,55,12870.95,9272,3960.17,0.15,11407
1291,2022-06-28,2023,Jun,Q2,Dairy Milk,Mid-range,International,Institutional,762,45,46453.34,26670,12900.64,0,34290
1292,2022-06-27,2025,Jun,Q2,Dairy Milk Silk,Premium,International,Modern Trade,1441,75,182217.23,74932,50643.82,0.11,96186.75
1293,2022-06-20,2023,Jun,Q2,5 Star,Value,International,E-Commerce,1788,30,47736.97,39336,11436.01,0.12,47203.2
1294,2022-06-20,2024,Jun,Q2,Perk,Value,International,E-Commerce,648,25,12474.1,11664,3373.01,0.1,14580
1295,2022-06-25,2023,Jun,Q2,Bournville,Premium,International,E-Commerce,1588,90,166073.04,103220,30992.34,0.11,127198.8
1296,2022-06-21,2025,Jun,Q2,Gems,Value,International,General Trade,1486,20,32352.24,20804,6106.74,0.01,29422.8
1297,2022-06-02,2023,Jun,Q2,Celebrations Box,Premium,International,Modern Trade,832,250,192947.01,149760,52387.35,0.12,183040
1298,2022-06-10,2025,Jun,Q2,Oreo,Mid-range,International,E-Commerce,1699,40,69225.54,47572,18674.27,0.02,66600.8
1299,2022-06-07,2024,Jun,Q2,Fuse,Value,International,E-Commerce,1730,35,65617.01,41520,13723.84,0.06,56917
1300,2022-06-12,2025,Jun,Q2,Caramel,Mid-range,International,General Trade,1810,55,94544.62,68780,19679.29,0.08,91586
1301,2022-07-27,2024,Jul,Q3,Dairy Milk,Mid-range,North India,E-Commerce,1900,45,126114.47,66500,25611.78,0.02,83790
1302,2022-07-28,2024,Jul,Q3,Dairy Milk Silk,Premium,North India,Institutional,1851,75,208205.92,96252,66010.6,0.04,133272
1303,2022-07-03,2025,Jul,Q3,5 Star,Value,North India,E-Commerce,1847,30,48635.82,40634,9285.61,0.02,54301.8
1304,2022-07-28,2024,Jul,Q3,Perk,Value,North India,General Trade,1744,25,29498.9,31392,8710.29,0.14,37496
1305,2022-07-12,2025,Jul,Q3,Bournville,Premium,North India,Institutional,1932,90,219858.44,125580,70619.25,0.12,153014.4
1306,2022-07-09,2023,Jul,Q3,Gems,Value,North India,Modern Trade,1819,20,38570.45,25466,8938.36,0.06,34197.2
1307,2022-07-24,2025,Jul,Q3,Celebrations Box,Premium,North India,Modern Trade,1131,250,246170.98,203580,83466.48,0.06,265785
1308,2022-07-21,2024,Jul,Q3,Oreo,Mid-range,North India,E-Commerce,1397,40,63870.01,39116,14792.89,0.06,52527.2
1309,2022-07-16,2023,Jul,Q3,Fuse,Value,North India,E-Commerce,421,35,17052.45,10104,4269.75,0.1,13261.5
1310,2022-07-18,2025,Jul,Q3,Caramel,Mid-range,North India,Modern Trade,1468,55,88623.37,55784,20396.9,0.13,70243.8
1311,2022-07-03,2024,Jul,Q3,Dairy Milk,Mid-range,South India,E-Commerce,1449,45,94449.32,50715,20624.15,0.03,63248.85
1312,2022-07-14,2023,Jul,Q3,Dairy Milk Silk,Premium,South India,Institutional,1635,75,181690.12,85020,34639.9,0.05,116493.75
1313,2022-07-02,2025,Jul,Q3,5 Star,Value,South India,Modern Trade,486,30,12224.4,10692,2583.59,0.01,14434.2
1314,2022-07-08,2024,Jul,Q3,Perk,Value,South India,E-Commerce,1208,25,23510.96,21744,4428.82,0.02,29596
1315,2022-07-22,2024,Jul,Q3,Bournville,Premium,South India,General Trade,995,90,113067.4,64675,25264.69,0.07,83281.5
1316,2022-07-05,2025,Jul,Q3,Gems,Value,South India,Institutional,1402,20,25447.45,19628,5726.42,0.11,24955.6
1317,2022-07-16,2024,Jul,Q3,Celebrations Box,Premium,South India,Institutional,1541,250,355103.21,277380,78110.21,0.01,381397.5
1318,2022-07-12,2025,Jul,Q3,Oreo,Mid-range,South India,Institutional,772,40,33985.6,21616,10795,0,30880
1319,2022-07-08,2025,Jul,Q3,Fuse,Value,South India,General Trade,1108,35,39790.66,26592,11517.21,0.07,36065.4
1320,2022-07-12,2025,Jul,Q3,Caramel,Mid-range,South India,E-Commerce,403,55,22653.13,15314,5630.34,0.15,18840.25
1321,2022-07-07,2025,Jul,Q3,Dairy Milk,Mid-range,West India,E-Commerce,324,45,18358.82,11340,4298.71,0.06,13705.2
1322,2022-07-03,2025,Jul,Q3,Dairy Milk Silk,Premium,West India,Modern Trade,1936,75,227670.69,100672,44352.45,0.12,127776
1323,2022-07-01,2024,Jul,Q3,5 Star,Value,West India,General Trade,1514,30,29317.22,33308,6799.89,0.1,40878
1324,2022-07-05,2023,Jul,Q3,Perk,Value,West India,Modern Trade,1811,25,32942.36,32598,6119.55,0.05,43011.25
1325,2022-07-18,2025,Jul,Q3,Bournville,Premium,West India,General Trade,340,90,41534.54,22100,11193.59,0.12,26928
1326,2022-07-28,2025,Jul,Q3,Gems,Value,West India,General Trade,1400,20,31851.27,19600,6080.48,0.03,27160
1327,2022-07-26,2024,Jul,Q3,Celebrations Box,Premium,West India,General Trade,872,250,210790.8,156960,68373.17,0.12,191840
1328,2022-07-05,2025,Jul,Q3,Oreo,Mid-range,West India,Modern Trade,767,40,31345.95,21476,8566.14,0.13,26691.6
1329,2022-07-06,2023,Jul,Q3,Fuse,Value,West India,General Trade,1306,35,46997.02,31344,14162.59,0.04,43881.6
1330,2022-07-05,2024,Jul,Q3,Caramel,Mid-range,West India,Modern Trade,1553,55,86369.82,59014,21455.72,0.13,74311.05
1331,2022-07-08,2025,Jul,Q3,Dairy Milk,Mid-range,East India,Modern Trade,933,45,68929.74,32655,21915.5,0.12,36946.8
1332,2022-07-02,2023,Jul,Q3,Dairy Milk Silk,Premium,East India,E-Commerce,232,75,25154.97,12064,6297.08,0.03,16878
1333,2022-07-04,2023,Jul,Q3,5 Star,Value,East India,General Trade,1719,30,46323.1,37818,13965.88,0.06,48475.8
1334,2022-07-12,2024,Jul,Q3,Perk,Value,East India,Modern Trade,1175,25,19296.78,21150,6067.83,0.07,27318.75
1335,2022-07-20,2023,Jul,Q3,Bournville,Premium,East India,Modern Trade,1125,90,103526.44,73125,32857.03,0.08,93150
1336,2022-07-28,2024,Jul,Q3,Gems,Value,East India,Modern Trade,1689,20,33370.54,23646,7894.36,0.12,29726.4
1337,2022-07-01,2023,Jul,Q3,Celebrations Box,Premium,East India,E-Commerce,1138,250,332407.6,204840,91283.65,0.1,256050
1338,2022-07-14,2023,Jul,Q3,Oreo,Mid-range,East India,Modern Trade,1180,40,49207.51,33040,10413.48,0.13,41064
1339,2022-07-15,2025,Jul,Q3,Fuse,Value,East India,Modern Trade,1204,35,43595.84,28896,8603.61,0.11,37504.6
1340,2022-07-05,2025,Jul,Q3,Caramel,Mid-range,East India,Modern Trade,365,55,18489.25,13870,5412.48,0.05,19071.25
1341,2022-07-21,2023,Jul,Q3,Dairy Milk,Mid-range,International,Modern Trade,458,45,31427.93,16030,5981.96,0.04,19785.6
1342,2022-07-17,2024,Jul,Q3,Dairy Milk Silk,Premium,International,E-Commerce,980,75,92025.28,50960,22476.43,0.15,62475
1343,2022-07-14,2023,Jul,Q3,5 Star,Value,International,E-Commerce,1129,30,28779.95,24838,8856.01,0.08,31160.4
1344,2022-07-28,2023,Jul,Q3,Perk,Value,International,Modern Trade,1824,25,31298.53,32832,6047,0.11,40584
1345,2022-07-08,2023,Jul,Q3,Bournville,Premium,International,General Trade,1080,90,109047.23,70200,21348.9,0.07,90396
1346,2022-07-13,2024,Jul,Q3,Gems,Value,International,Institutional,894,20,18168.85,12516,3293.43,0.12,15734.4
1347,2022-07-14,2025,Jul,Q3,Celebrations Box,Premium,International,Institutional,1694,250,448180.92,304920,135060.9,0.01,419265
1348,2022-07-05,2024,Jul,Q3,Oreo,Mid-range,International,E-Commerce,1562,40,55627.44,43736,18009.86,0.04,59980.8
1349,2022-07-03,2025,Jul,Q3,Fuse,Value,International,Institutional,337,35,11946.61,8088,3547.72,0.01,11677.05
1350,2022-07-24,2025,Jul,Q3,Caramel,Mid-range,International,Modern Trade,1084,55,65171.7,41192,22312.02,0.01,59023.8
1351,2022-08-02,2023,Aug,Q3,Dairy Milk,Mid-range,North India,E-Commerce,1862,45,120069.65,65170,30151.6,0.02,82114.2
1352,2022-08-12,2025,Aug,Q3,Dairy Milk Silk,Premium,North India,E-Commerce,1572,75,189333.78,81744,54636.46,0.02,115542
1353,2022-08-02,2024,Aug,Q3,5 Star,Value,North India,Institutional,1977,30,41309.47,43494,10488.57,0.14,51006.6
1354,2022-08-04,2023,Aug,Q3,Perk,Value,North India,E-Commerce,1429,25,31445.71,25722,8783.23,0.05,33938.75
1355,2022-08-08,2023,Aug,Q3,Bournville,Premium,North India,General Trade,516,90,58087.41,33540,11793.14,0.1,41796
1356,2022-08-12,2023,Aug,Q3,Gems,Value,North India,Modern Trade,917,20,17640.48,12838,4406.44,0.13,15955.8
1357,2022-08-08,2024,Aug,Q3,Celebrations Box,Premium,North India,Modern Trade,1761,250,505716.41,316980,146766.95,0.04,422640
1358,2022-08-25,2025,Aug,Q3,Oreo,Mid-range,North India,Institutional,1930,40,78916.04,54040,26031.2,0.08,71024
1359,2022-08-27,2025,Aug,Q3,Fuse,Value,North India,Modern Trade,1447,35,56281.27,34728,15557.64,0.14,43554.7
1360,2022-08-23,2023,Aug,Q3,Caramel,Mid-range,North India,E-Commerce,259,55,15077.34,9842,3168.92,0.03,13817.65
1361,2022-08-06,2023,Aug,Q3,Dairy Milk,Mid-range,South India,E-Commerce,895,45,62709.93,31325,13405.95,0.05,38261.25
1362,2022-08-03,2025,Aug,Q3,Dairy Milk Silk,Premium,South India,General Trade,1359,75,130744.78,70668,26946.92,0.1,91732.5
1363,2022-08-01,2024,Aug,Q3,5 Star,Value,South India,General Trade,1717,30,34119.6,37774,11101.22,0.09,46874.1
1364,2022-08-13,2024,Aug,Q3,Perk,Value,South India,Modern Trade,1728,25,28101.26,31104,9031.06,0.08,39744
1365,2022-08-12,2023,Aug,Q3,Bournville,Premium,South India,Institutional,1129,90,125606.59,73385,24620.16,0.05,96529.5
1366,2022-08-19,2025,Aug,Q3,Gems,Value,South India,E-Commerce,1677,20,34047.86,23478,6316.01,0.05,31863
1367,2022-08-25,2024,Aug,Q3,Celebrations Box,Premium,South India,Modern Trade,307,250,69139.95,55260,18665.36,0.02,75215
1368,2022-08-15,2023,Aug,Q3,Oreo,Mid-range,South India,Modern Trade,1580,40,74554.69,44240,13449.57,0.01,62568
1369,2022-08-14,2025,Aug,Q3,Fuse,Value,South India,Institutional,1194,35,45539.83,28656,14818.25,0.09,38028.9
1370,2022-08-04,2024,Aug,Q3,Caramel,Mid-range,South India,E-Commerce,641,55,41102.37,24358,11751.74,0.11,31376.95
1371,2022-08-22,2025,Aug,Q3,Dairy Milk,Mid-range,West India,E-Commerce,1080,45,82533.38,37800,20956.2,0.02,47628
1372,2022-08-02,2024,Aug,Q3,Dairy Milk Silk,Premium,West India,Institutional,1279,75,160848.84,66508,32397.01,0.1,86332.5
1373,2022-08-02,2023,Aug,Q3,5 Star,Value,West India,General Trade,1009,30,20373.71,22198,4200.06,0.15,25729.5
1374,2022-08-07,2023,Aug,Q3,Perk,Value,West India,Modern Trade,618,25,13530.77,11124,4582.43,0.05,14677.5
1375,2022-08-11,2023,Aug,Q3,Bournville,Premium,West India,General Trade,1765,90,195191.41,114725,63983.65,0.04,152496
1376,2022-08-14,2025,Aug,Q3,Gems,Value,West India,Modern Trade,215,20,4929.82,3010,1075.09,0.07,3999
1377,2022-08-23,2024,Aug,Q3,Celebrations Box,Premium,West India,General Trade,464,250,128896.51,83520,36895.98,0.06,109040
1378,2022-08-22,2025,Aug,Q3,Oreo,Mid-range,West India,General Trade,1224,40,47311.48,34272,12962.29,0.08,45043.2
1379,2022-08-24,2023,Aug,Q3,Fuse,Value,West India,E-Commerce,347,35,13576.07,8328,3509.54,0.06,11416.3
1380,2022-08-03,2023,Aug,Q3,Caramel,Mid-range,West India,Modern Trade,1093,55,58768.18,41534,18400.4,0,60115
1381,2022-08-13,2025,Aug,Q3,Dairy Milk,Mid-range,East India,E-Commerce,1379,45,107364.39,48265,29862.53,0.06,58331.7
1382,2022-08-01,2023,Aug,Q3,Dairy Milk Silk,Premium,East India,Institutional,792,75,87994.26,41184,24487.85,0.02,58212
1383,2022-08-20,2024,Aug,Q3,5 Star,Value,East India,E-Commerce,551,30,12541.16,12122,2633.31,0.12,14546.4
1384,2022-08-12,2023,Aug,Q3,Perk,Value,East India,Institutional,1903,25,41663.05,34254,10270.33,0.1,42817.5
1385,2022-08-08,2024,Aug,Q3,Bournville,Premium,East India,Modern Trade,1094,90,109341.6,71110,24028.83,0.13,85660.2
1386,2022-08-03,2024,Aug,Q3,Gems,Value,East India,Institutional,1406,20,27026.74,19684,8590.41,0.06,26432.8
1387,2022-08-11,2023,Aug,Q3,Celebrations Box,Premium,East India,Institutional,1982,250,467274.5,356760,140229.6,0.05,470725
1388,2022-08-03,2024,Aug,Q3,Oreo,Mid-range,East India,General Trade,882,40,38794.71,24696,10661.94,0.12,31046.4
1389,2022-08-25,2024,Aug,Q3,Fuse,Value,East India,Modern Trade,1286,35,48653.81,30864,10651.53,0.08,41409.2
1390,2022-08-27,2024,Aug,Q3,Caramel,Mid-range,East India,E-Commerce,919,55,57862.02,34922,14798.83,0.11,44985.05
1391,2022-08-09,2024,Aug,Q3,Dairy Milk,Mid-range,International,General Trade,683,45,50541.51,23905,12813.13,0.02,30120.3
1392,2022-08-25,2023,Aug,Q3,Dairy Milk Silk,Premium,International,General Trade,555,75,70759.86,28860,14584.26,0.09,37878.75
1393,2022-08-21,2023,Aug,Q3,5 Star,Value,International,Modern Trade,562,30,14380.72,12364,3113.91,0.14,14499.6
1394,2022-08-25,2025,Aug,Q3,Perk,Value,International,Institutional,1150,25,18874.25,20700,6060.67,0.11,25587.5
1395,2022-08-19,2023,Aug,Q3,Bournville,Premium,International,Institutional,1594,90,193158.37,103610,49797.94,0.14,123375.6
1396,2022-08-11,2023,Aug,Q3,Gems,Value,International,E-Commerce,1969,20,35868.36,27566,8891.12,0.15,33473
1397,2022-08-15,2025,Aug,Q3,Celebrations Box,Premium,International,General Trade,1100,250,267106.22,198000,59655.79,0.01,272250
1398,2022-08-02,2024,Aug,Q3,Oreo,Mid-range,International,E-Commerce,1830,40,64901.48,51240,22387.92,0.04,70272
1399,2022-08-15,2025,Aug,Q3,Fuse,Value,International,E-Commerce,1239,35,49893.69,29736,14218.73,0.01,42931.35
1400,2022-08-27,2024,Aug,Q3,Caramel,Mid-range,International,Institutional,277,55,15788.68,10526,5070.04,0.01,15082.65
1401,2022-09-28,2024,Sep,Q3,Dairy Milk,Mid-range,North India,E-Commerce,357,45,24674.4,12495,5861.17,0.1,14458.5
1402,2022-09-13,2023,Sep,Q3,Dairy Milk Silk,Premium,North India,Modern Trade,1459,75,171989.44,75868,34114.55,0.09,99576.75
1403,2022-09-26,2024,Sep,Q3,5 Star,Value,North India,Institutional,1388,30,27880.46,30536,8354.87,0.08,38308.8
1404,2022-09-19,2024,Sep,Q3,Perk,Value,North India,Modern Trade,1121,25,21481.21,20178,4230.13,0.14,24101.5
1405,2022-09-17,2024,Sep,Q3,Bournville,Premium,North India,General Trade,858,90,104416.03,55770,31983.51,0.09,70270.2
1406,2022-09-26,2025,Sep,Q3,Gems,Value,North India,General Trade,326,20,6432.03,4564,1784.51,0.07,6063.6
1407,2022-09-21,2023,Sep,Q3,Celebrations Box,Premium,North India,E-Commerce,1662,250,447234.01,299160,103309.85,0.01,411345
1408,2022-09-15,2024,Sep,Q3,Oreo,Mid-range,North India,General Trade,280,40,11973.91,7840,3082.36,0.04,10752
1409,2022-09-06,2024,Sep,Q3,Fuse,Value,North India,Institutional,1273,35,46104.45,30552,13472.04,0.08,40990.6
1410,2022-09-13,2025,Sep,Q3,Caramel,Mid-range,North India,E-Commerce,963,55,56036.34,36594,16837.85,0.14,45549.9
1411,2022-09-20,2024,Sep,Q3,Dairy Milk,Mid-range,South India,Institutional,1786,45,128404.63,62510,23938.81,0.05,76351.5
1412,2022-09-11,2023,Sep,Q3,Dairy Milk Silk,Premium,South India,Modern Trade,1816,75,185154.3,94432,36887.61,0.09,123942
1413,2022-09-22,2024,Sep,Q3,5 Star,Value,South India,Modern Trade,875,30,17337.23,19250,4806.38,0.01,25987.5
1414,2022-09-28,2025,Sep,Q3,Perk,Value,South India,Institutional,781,25,13230.92,14058,4021.03,0.04,18744
1415,2022-09-22,2023,Sep,Q3,Bournville,Premium,South India,General Trade,882,90,106704.73,57330,23610.19,0.01,78586.2
1416,2022-09-21,2023,Sep,Q3,Gems,Value,South India,General Trade,916,20,18456.41,12824,5971.52,0.05,17404
1417,2022-09-03,2025,Sep,Q3,Celebrations Box,Premium,South India,Institutional,464,250,128954.72,83520,27690.67,0.09,105560
1418,2022-09-26,2023,Sep,Q3,Oreo,Mid-range,South India,E-Commerce,1344,40,57680.27,37632,10602.63,0.06,50534.4
1419,2022-09-23,2023,Sep,Q3,Fuse,Value,South India,E-Commerce,1865,35,66077.27,44760,17485.63,0.02,63969.5
1420,2022-09-17,2025,Sep,Q3,Caramel,Mid-range,South India,Modern Trade,1523,55,82656.59,57874,17362.88,0.1,75388.5
1421,2022-09-06,2024,Sep,Q3,Dairy Milk,Mid-range,West India,E-Commerce,237,45,14294.75,8295,2665.62,0.05,10131.75
1422,2022-09-16,2024,Sep,Q3,Dairy Milk Silk,Premium,West India,General Trade,899,75,110089.01,46748,30462.52,0.14,57985.5
1423,2022-09-05,2024,Sep,Q3,5 Star,Value,West India,General Trade,663,30,15151.01,14586,4472,0.15,16906.5
1424,2022-09-04,2025,Sep,Q3,Perk,Value,West India,Modern Trade,805,25,15016.09,14490,3225.24,0.13,17508.75
1425,2022-09-25,2023,Sep,Q3,Bournville,Premium,West India,Modern Trade,1555,90,186699.27,101075,52014.4,0.05,132952.5
1426,2022-09-06,2025,Sep,Q3,Gems,Value,West India,General Trade,1423,20,32251.74,19922,11266.52,0.06,26752.4
1427,2022-09-20,2025,Sep,Q3,Celebrations Box,Premium,West India,General Trade,1902,250,528100.23,342360,155497.88,0.1,427950
1428,2022-09-14,2024,Sep,Q3,Oreo,Mid-range,West India,General Trade,1676,40,66271.47,46928,21768.68,0.07,62347.2
1429,2022-09-15,2024,Sep,Q3,Fuse,Value,West India,E-Commerce,1585,35,50240.22,38040,13890.68,0.11,49372.75
1430,2022-09-15,2023,Sep,Q3,Caramel,Mid-range,West India,E-Commerce,1740,55,93380.25,66120,20232.77,0.11,85173
1431,2022-09-26,2023,Sep,Q3,Dairy Milk,Mid-range,East India,General Trade,1293,45,89313.9,45255,23582.5,0.04,55857.6
1432,2022-09-22,2025,Sep,Q3,Dairy Milk Silk,Premium,East India,Institutional,1910,75,218445.53,99320,45035.32,0.03,138952.5
1433,2022-09-25,2023,Sep,Q3,5 Star,Value,East India,Institutional,1145,30,27918.25,25190,9340.86,0.12,30228
1434,2022-09-06,2024,Sep,Q3,Perk,Value,East India,Institutional,1229,25,25191.5,22122,7514.46,0.08,28267
1435,2022-09-28,2023,Sep,Q3,Bournville,Premium,East India,General Trade,1840,90,220162.87,119600,58056.82,0.09,150696
1436,2022-09-28,2023,Sep,Q3,Gems,Value,East India,E-Commerce,306,20,5262.99,4284,1553.71,0.1,5508
1437,2022-09-23,2025,Sep,Q3,Celebrations Box,Premium,East India,E-Commerce,1335,250,394285.35,240300,130781.43,0.14,287025
1438,2022-09-06,2024,Sep,Q3,Oreo,Mid-range,East India,Modern Trade,783,40,27006.88,21924,6709.65,0.01,31006.8
1439,2022-09-05,2024,Sep,Q3,Fuse,Value,East India,E-Commerce,1120,35,45969.91,26880,13542.84,0.14,33712
1440,2022-09-08,2023,Sep,Q3,Caramel,Mid-range,East India,Institutional,387,55,24555.28,14706,6106.88,0.14,18305.1
1441,2022-09-14,2024,Sep,Q3,Dairy Milk,Mid-range,International,Institutional,915,45,61928.77,32025,15779.97,0.14,35410.5
1442,2022-09-08,2023,Sep,Q3,Dairy Milk Silk,Premium,International,Modern Trade,1011,75,102686.86,52572,28807.01,0.08,69759
1443,2022-09-01,2025,Sep,Q3,5 Star,Value,International,Institutional,367,30,9236.53,8074,3218.4,0.06,10349.4
1444,2022-09-21,2025,Sep,Q3,Perk,Value,International,E-Commerce,402,25,7050.55,7236,2189.32,0.13,8743.5
1445,2022-09-02,2025,Sep,Q3,Bournville,Premium,International,E-Commerce,1820,90,194691.92,118300,49105.73,0.02,160524
1446,2022-09-27,2024,Sep,Q3,Gems,Value,International,E-Commerce,1899,20,41194.03,26586,14415.06,0.07,35321.4
1447,2022-09-15,2023,Sep,Q3,Celebrations Box,Premium,International,General Trade,1754,250,443928.71,315720,118054.04,0.11,390265
1448,2022-09-07,2023,Sep,Q3,Oreo,Mid-range,International,Modern Trade,362,40,16147.44,10136,4702.14,0,14480
1449,2022-09-20,2025,Sep,Q3,Fuse,Value,International,General Trade,1323,35,47695.09,31752,9921.88,0.14,39822.3
1450,2022-09-08,2025,Sep,Q3,Caramel,Mid-range,International,Institutional,427,55,22914.59,16226,7844.85,0.12,20666.8
1451,2022-10-14,2023,Oct,Q4,Dairy Milk,Mid-range,North India,E-Commerce,628,45,36731.2,21980,11348.67,0.01,27977.4
1452,2022-10-16,2024,Oct,Q4,Dairy Milk Silk,Premium,North India,Institutional,459,75,44749.92,23868,9980.71,0.02,33736.5
1453,2022-10-08,2024,Oct,Q4,5 Star,Value,North India,Modern Trade,2091,30,56005.92,46002,15515.97,0.08,57711.6
1454,2022-10-20,2024,Oct,Q4,Perk,Value,North India,General Trade,1114,25,20405.76,20052,4284.7,0.06,26179
1455,2022-10-06,2025,Oct,Q4,Bournville,Premium,North India,E-Commerce,968,90,94691.36,62920,30648.34,0.09,79279.2
1456,2022-10-03,2025,Oct,Q4,Gems,Value,North India,Modern Trade,1780,20,41014.09,24920,13429.4,0.15,30260
1457,2022-10-02,2025,Oct,Q4,Celebrations Box,Premium,North India,Modern Trade,1398,250,310417.98,251640,65741.19,0.13,304065
1458,2022-10-01,2023,Oct,Q4,Oreo,Mid-range,North India,Institutional,1349,40,52934.93,37772,15074.47,0.04,51801.6
1459,2022-10-08,2023,Oct,Q4,Fuse,Value,North India,E-Commerce,2539,35,93491.74,60936,30944.48,0.01,87976.35
1460,2022-10-25,2024,Oct,Q4,Caramel,Mid-range,North India,Modern Trade,2492,55,141966.06,94696,47619.46,0.09,124724.6
1461,2022-10-18,2023,Oct,Q4,Dairy Milk,Mid-range,South India,E-Commerce,662,45,49833.01,23170,11099.47,0.01,29492.1
1462,2022-10-27,2023,Oct,Q4,Dairy Milk Silk,Premium,South India,E-Commerce,2612,75,336700.21,135824,83140.83,0.1,176310
1463,2022-10-06,2023,Oct,Q4,5 Star,Value,South India,Institutional,2273,30,49319.96,50006,13466.07,0.07,63416.7
1464,2022-10-15,2024,Oct,Q4,Perk,Value,South India,General Trade,460,25,9032.56,8280,2278.87,0.11,10235
1465,2022-10-26,2024,Oct,Q4,Bournville,Premium,South India,Modern Trade,1120,90,132575.98,72800,36606.13,0.03,97776
1466,2022-10-10,2024,Oct,Q4,Gems,Value,South India,General Trade,399,20,7991.54,5586,2231.06,0.05,7581
1467,2022-10-09,2025,Oct,Q4,Celebrations Box,Premium,South India,Institutional,2616,250,681074.67,470880,146797.64,0.08,601680
1468,2022-10-10,2023,Oct,Q4,Oreo,Mid-range,South India,Modern Trade,2438,40,90552.6,68264,23414.74,0.1,87768
1469,2022-10-28,2025,Oct,Q4,Fuse,Value,South India,E-Commerce,2751,35,94663.24,66024,21172.03,0.12,84730.8
1470,2022-10-12,2025,Oct,Q4,Caramel,Mid-range,South India,E-Commerce,1062,55,51447.83,40356,15127.91,0.02,57241.8
1471,2022-10-13,2023,Oct,Q4,Dairy Milk,Mid-range,West India,Institutional,1426,45,95930.96,49910,30781.49,0.11,57111.3
1472,2022-10-16,2024,Oct,Q4,Dairy Milk Silk,Premium,West India,E-Commerce,814,75,98895.45,42328,31906.52,0.07,56776.5
1473,2022-10-26,2023,Oct,Q4,5 Star,Value,West India,E-Commerce,2564,30,50922.41,56408,16157.43,0.08,70766.4
1474,2022-10-14,2023,Oct,Q4,Perk,Value,West India,Modern Trade,2364,25,45636.67,42552,8543.01,0.06,55554
1475,2022-10-04,2025,Oct,Q4,Bournville,Premium,West India,General Trade,1843,90,200109.63,119795,36345.43,0.04,159235.2
1476,2022-10-10,2023,Oct,Q4,Gems,Value,West India,Modern Trade,1219,20,21539.15,17066,4864.34,0.1,21942
1477,2022-10-06,2025,Oct,Q4,Celebrations Box,Premium,West India,Institutional,2007,250,469752.45,361260,149286.12,0.11,446557.5
1478,2022-10-24,2025,Oct,Q4,Oreo,Mid-range,West India,Institutional,1286,40,44508.12,36008,11110.27,0.07,47839.2
1479,2022-10-09,2025,Oct,Q4,Fuse,Value,West India,E-Commerce,2042,35,77886.46,49008,21831.65,0.15,60749.5
1480,2022-10-13,2024,Oct,Q4,Caramel,Mid-range,West India,Modern Trade,494,55,28258.24,18772,9541.93,0.1,24453
1481,2022-10-22,2025,Oct,Q4,Dairy Milk,Mid-range,East India,E-Commerce,1750,45,124365.87,61250,24167.95,0.12,69300
1482,2022-10-20,2024,Oct,Q4,Dairy Milk Silk,Premium,East India,General Trade,368,75,45175.63,19136,14810.98,0.02,27048
1483,2022-10-08,2023,Oct,Q4,5 Star,Value,East India,Institutional,379,30,9081.03,8338,2178.54,0.02,11142.6
1484,2022-10-19,2023,Oct,Q4,Perk,Value,East India,E-Commerce,1317,25,25002.13,23706,6389.98,0.06,30949.5
1485,2022-10-15,2023,Oct,Q4,Bournville,Premium,East India,Modern Trade,2014,90,188152.84,130910,53561.48,0.02,177634.8
1486,2022-10-03,2023,Oct,Q4,Gems,Value,East India,E-Commerce,1345,20,27335.85,18830,9494.95,0.07,25017
1487,2022-10-11,2025,Oct,Q4,Celebrations Box,Premium,East India,General Trade,1797,250,454797.23,323460,136763.19,0.06,422295
1488,2022-10-01,2025,Oct,Q4,Oreo,Mid-range,East India,E-Commerce,995,40,44201.73,27860,14028.56,0.14,34228
1489,2022-10-18,2025,Oct,Q4,Fuse,Value,East India,General Trade,1710,35,54904.91,41040,10070.65,0.08,55062
1490,2022-10-23,2023,Oct,Q4,Caramel,Mid-range,East India,Modern Trade,1030,55,54953.01,39140,15916.47,0.12,49852
1491,2022-10-10,2025,Oct,Q4,Dairy Milk,Mid-range,International,Institutional,894,45,51041.15,31290,11103.01,0.15,34195.5
1492,2022-10-28,2024,Oct,Q4,Dairy Milk Silk,Premium,International,Institutional,852,75,89381.84,44304,30353.86,0.02,62622
1493,2022-10-23,2023,Oct,Q4,5 Star,Value,International,Modern Trade,1575,30,40896.33,34650,9471.64,0.03,45832.5
1494,2022-10-28,2024,Oct,Q4,Perk,Value,International,Institutional,530,25,10438.66,9540,2772.13,0.12,11660
1495,2022-10-03,2024,Oct,Q4,Bournville,Premium,International,E-Commerce,2193,90,229510.05,142545,75008.91,0.05,187501.5
1496,2022-10-23,2023,Oct,Q4,Gems,Value,International,E-Commerce,1139,20,21266.69,15946,5646.54,0.13,19818.6
1497,2022-10-08,2025,Oct,Q4,Celebrations Box,Premium,International,General Trade,2555,250,687334.47,459900,223787.32,0.05,606812.5
1498,2022-10-08,2023,Oct,Q4,Oreo,Mid-range,International,Modern Trade,855,40,33501.01,23940,8611.66,0.12,30096
1499,2022-10-19,2023,Oct,Q4,Fuse,Value,International,Institutional,354,35,13161.28,8496,4369.93,0.05,11770.5
1500,2022-10-18,2024,Oct,Q4,Caramel,Mid-range,International,E-Commerce,1619,55,87222.68,61522,21213.84,0.12,78359.6
1501,2022-11-03,2025,Nov,Q4,Dairy Milk,Mid-range,North India,General Trade,2034,45,117031.14,71190,28583.61,0.13,79631.1
1502,2022-11-24,2025,Nov,Q4,Dairy Milk Silk,Premium,North India,E-Commerce,1421,75,174568.72,73892,53877,0.15,90588.75
1503,2022-11-14,2023,Nov,Q4,5 Star,Value,North India,Institutional,1786,30,38360.37,39292,10928.23,0.06,50365.2
1504,2022-11-21,2023,Nov,Q4,Perk,Value,North India,Modern Trade,638,25,11064.19,11484,3855.14,0.15,13557.5
1505,2022-11-17,2024,Nov,Q4,Bournville,Premium,North India,Modern Trade,1569,90,162776.41,101985,33523.57,0.07,131325.3
1506,2022-11-25,2024,Nov,Q4,Gems,Value,North India,E-Commerce,646,20,11349.19,9044,3125.99,0.13,11240.4
1507,2022-11-14,2024,Nov,Q4,Celebrations Box,Premium,North India,General Trade,2480,250,601722.13,446400,174961.13,0.14,533200
1508,2022-11-05,2025,Nov,Q4,Oreo,Mid-range,North India,Modern Trade,2662,40,124975.21,74536,34508.7,0.02,104350.4
1509,2022-11-23,2024,Nov,Q4,Fuse,Value,North India,E-Commerce,751,35,26331.55,18024,5768.93,0.02,25759.3
1510,2022-11-17,2025,Nov,Q4,Caramel,Mid-range,North India,General Trade,1271,55,60739.51,48298,12414.19,0.14,60118.3
1511,2022-11-07,2024,Nov,Q4,Dairy Milk,Mid-range,South India,E-Commerce,2704,45,197711.81,94640,44668.73,0.01,120463.2
1512,2022-11-20,2025,Nov,Q4,Dairy Milk Silk,Premium,South India,E-Commerce,638,75,81439.6,33176,27252.84,0.09,43543.5
1513,2022-11-19,2023,Nov,Q4,5 Star,Value,South India,Modern Trade,1720,30,41686.93,37840,8820.89,0.1,46440
1514,2022-11-24,2024,Nov,Q4,Perk,Value,South India,General Trade,770,25,12353.67,13860,3768.25,0.1,17325
1515,2022-11-02,2025,Nov,Q4,Bournville,Premium,South India,E-Commerce,2695,90,290421.64,175175,71321.71,0.14,208593
1516,2022-11-21,2024,Nov,Q4,Gems,Value,South India,Modern Trade,512,20,10198.97,7168,1955.81,0.01,10137.6
1517,2022-11-19,2023,Nov,Q4,Celebrations Box,Premium,South India,E-Commerce,2146,250,612270.99,386280,145880.29,0.03,520405
1518,2022-11-16,2025,Nov,Q4,Oreo,Mid-range,South India,Institutional,2051,40,72934.15,57428,23035.9,0.1,73836
1519,2022-11-16,2024,Nov,Q4,Fuse,Value,South India,E-Commerce,2119,35,70344.95,50856,20304.87,0.14,63781.9
1520,2022-11-13,2025,Nov,Q4,Caramel,Mid-range,South India,General Trade,2587,55,156386.1,98306,31021.19,0.12,125210.8
1521,2022-11-02,2024,Nov,Q4,Dairy Milk,Mid-range,West India,E-Commerce,1579,45,88757.47,55265,18081.16,0.01,70344.45
1522,2022-11-15,2023,Nov,Q4,Dairy Milk Silk,Premium,West India,General Trade,1540,75,158273.71,80080,41019.26,0.06,108570
1523,2022-11-11,2024,Nov,Q4,5 Star,Value,West India,General Trade,1254,30,25918.8,27588,7342.46,0.09,34234.2
1524,2022-11-12,2025,Nov,Q4,Perk,Value,West India,E-Commerce,2384,25,42038.84,42912,9951.7,0.15,50660
1525,2022-11-17,2025,Nov,Q4,Bournville,Premium,West India,Institutional,653,90,60905.55,42445,16714.91,0.11,52305.3
1526,2022-11-04,2023,Nov,Q4,Gems,Value,West India,Modern Trade,1194,20,21494.22,16716,6039.98,0.04,22924.8
1527,2022-11-04,2023,Nov,Q4,Celebrations Box,Premium,West India,E-Commerce,1568,250,436939.65,282240,102415.88,0.04,376320
1528,2022-11-28,2023,Nov,Q4,Oreo,Mid-range,West India,Modern Trade,1111,40,42077.05,31108,10636.88,0.14,38218.4
1529,2022-11-06,2025,Nov,Q4,Fuse,Value,West India,Institutional,991,35,33765.57,23784,11629.96,0.14,29829.1
1530,2022-11-07,2024,Nov,Q4,Caramel,Mid-range,West India,E-Commerce,1936,55,92642.5,73568,30372,0.11,94767.2
1531,2022-11-15,2024,Nov,Q4,Dairy Milk,Mid-range,East India,General Trade,1708,45,97130.94,59780,28982.18,0.15,65331
1532,2022-11-01,2024,Nov,Q4,Dairy Milk Silk,Premium,East India,Institutional,2800,75,261693.81,145600,60167.7,0.05,199500
1533,2022-11-08,2024,Nov,Q4,5 Star,Value,East India,Modern Trade,1407,30,37430.8,30954,12253.03,0.08,38833.2
1534,2022-11-02,2025,Nov,Q4,Perk,Value,East India,General Trade,1951,25,32944.15,35118,8334.09,0.05,46336.25
1535,2022-11-27,2025,Nov,Q4,Bournville,Premium,East India,E-Commerce,1698,90,184323.45,110370,45007.13,0.09,139066.2
1536,2022-11-28,2025,Nov,Q4,Gems,Value,East India,Institutional,1099,20,20551.73,15386,5619.69,0.08,20221.6
1537,2022-11-09,2025,Nov,Q4,Celebrations Box,Premium,East India,Modern Trade,1514,250,412259.52,272520,121736.94,0.02,370930
1538,2022-11-02,2025,Nov,Q4,Oreo,Mid-range,East India,E-Commerce,2469,40,91502.86,69132,24698.83,0.06,92834.4
1539,2022-11-07,2024,Nov,Q4,Fuse,Value,East India,Institutional,425,35,16079.14,10200,4253.93,0.09,13536.25
1540,2022-11-13,2024,Nov,Q4,Caramel,Mid-range,East India,E-Commerce,1866,55,95654.42,70908,31484.41,0.04,98524.8
1541,2022-11-27,2023,Nov,Q4,Dairy Milk,Mid-range,International,Institutional,2471,45,157279.07,86485,48895.37,0.08,102299.4
1542,2022-11-13,2023,Nov,Q4,Dairy Milk Silk,Premium,International,Modern Trade,648,75,72229.39,33696,17965.1,0.15,41310
1543,2022-11-18,2023,Nov,Q4,5 Star,Value,International,E-Commerce,2557,30,65761.53,56254,20472.79,0.15,65203.5
1544,2022-11-20,2024,Nov,Q4,Perk,Value,International,E-Commerce,2444,25,49819.35,43992,15622.29,0.02,59878
1545,2022-11-02,2023,Nov,Q4,Bournville,Premium,International,Institutional,1713,90,172555.93,111345,49915.31,0.01,152628.3
1546,2022-11-16,2024,Nov,Q4,Gems,Value,International,General Trade,2325,20,46938.15,32550,13273.73,0.05,44175
1547,2022-11-17,2024,Nov,Q4,Celebrations Box,Premium,International,Institutional,707,250,166656.84,127260,33962.85,0.09,160842.5
1548,2022-11-11,2023,Nov,Q4,Oreo,Mid-range,International,General Trade,1219,40,56488.59,34132,16187.56,0.14,41933.6
1549,2022-11-24,2024,Nov,Q4,Fuse,Value,International,General Trade,1405,35,49505.21,33720,11315.38,0.15,41798.75
1550,2022-11-27,2025,Nov,Q4,Caramel,Mid-range,International,E-Commerce,1980,55,119415.62,75240,30027.97,0.05,103455
1551,2022-12-16,2023,Dec,Q4,Dairy Milk,Mid-range,North India,Institutional,2311,45,132802.27,80885,33233.97,0.08,95675.4
1552,2022-12-04,2024,Dec,Q4,Dairy Milk Silk,Premium,North India,Modern Trade,1335,75,133973.79,69420,43473.74,0.05,95118.75
1553,2022-12-24,2024,Dec,Q4,5 Star,Value,North India,Institutional,1952,30,39822.11,42944,9547.42,0.05,55632
1554,2022-12-21,2025,Dec,Q4,Perk,Value,North India,Modern Trade,1990,25,41866.64,35820,9484.45,0.07,46267.5
1555,2022-12-16,2025,Dec,Q4,Bournville,Premium,North India,General Trade,2347,90,244082.39,152555,62599.74,0.01,209117.7
1556,2022-12-20,2024,Dec,Q4,Gems,Value,North India,General Trade,1782,20,41822.52,24948,12244.66,0.09,32432.4
1557,2022-12-08,2024,Dec,Q4,Celebrations Box,Premium,North India,Institutional,702,250,157839.02,126360,38545.79,0.12,154440
1558,2022-12-04,2025,Dec,Q4,Oreo,Mid-range,North India,Modern Trade,1920,40,72223.36,53760,20446.22,0.14,66048
1559,2022-12-14,2023,Dec,Q4,Fuse,Value,North India,General Trade,333,35,13607.69,7992,4554,0.07,10839.15
1560,2022-12-14,2025,Dec,Q4,Caramel,Mid-range,North India,General Trade,1463,55,73588.95,55594,18620.79,0.1,72418.5
1561,2022-12-24,2023,Dec,Q4,Dairy Milk,Mid-range,South India,Institutional,2781,45,202825.54,97335,43052.85,0.13,108876.15
1562,2022-12-07,2024,Dec,Q4,Dairy Milk Silk,Premium,South India,Modern Trade,2303,75,289143.3,119756,72067.1,0.02,169270.5
1563,2022-12-13,2024,Dec,Q4,5 Star,Value,South India,E-Commerce,2178,30,48284.02,47916,8889.08,0.07,60766.2
1564,2022-12-18,2023,Dec,Q4,Perk,Value,South India,E-Commerce,775,25,13100.48,13950,2682.33,0.07,18018.75
1565,2022-12-25,2025,Dec,Q4,Bournville,Premium,South India,E-Commerce,1845,90,213067.02,119925,69233.32,0.05,157747.5
1566,2022-12-08,2023,Dec,Q4,Gems,Value,South India,E-Commerce,2028,20,39019.49,28392,13320.73,0.07,37720.8
1567,2022-12-10,2025,Dec,Q4,Celebrations Box,Premium,South India,E-Commerce,1878,250,467138.28,338040,126740.98,0.04,450720
1568,2022-12-23,2024,Dec,Q4,Oreo,Mid-range,South India,E-Commerce,2300,40,83403.23,64400,24686.66,0.03,89240
1569,2022-12-18,2023,Dec,Q4,Fuse,Value,South India,Institutional,1188,35,42718.64,28512,8305.79,0.07,38669.4
1570,2022-12-22,2024,Dec,Q4,Caramel,Mid-range,South India,E-Commerce,1104,55,58718.47,41952,17403.01,0.02,59505.6
1571,2022-12-25,2025,Dec,Q4,Dairy Milk,Mid-range,West India,Institutional,1411,45,91830.35,49385,18851.33,0.12,55875.6
1572,2022-12-23,2023,Dec,Q4,Dairy Milk Silk,Premium,West India,General Trade,1111,75,104049.45,57772,34269.33,0.01,82491.75
1573,2022-12-21,2023,Dec,Q4,5 Star,Value,West India,Modern Trade,1272,30,26293.24,27984,8305.22,0.14,32817.6
1574,2022-12-07,2025,Dec,Q4,Perk,Value,West India,E-Commerce,2422,25,45921.49,43596,14017.73,0.07,56311.5
1575,2022-12-05,2025,Dec,Q4,Bournville,Premium,West India,E-Commerce,1891,90,219710.22,122915,75052,0.1,153171
1576,2022-12-08,2024,Dec,Q4,Gems,Value,West India,Modern Trade,2043,20,37098.76,28602,10164.84,0.11,36365.4
1577,2022-12-17,2023,Dec,Q4,Celebrations Box,Premium,West India,General Trade,424,250,105102.24,76320,30965.17,0.1,95400
1578,2022-12-04,2025,Dec,Q4,Oreo,Mid-range,West India,General Trade,2108,40,76687.66,59024,23411.86,0.03,81790.4
1579,2022-12-04,2023,Dec,Q4,Fuse,Value,West India,Institutional,1226,35,42272.64,29424,11365.13,0.11,38189.9
1580,2022-12-06,2024,Dec,Q4,Caramel,Mid-range,West India,General Trade,294,55,18762.98,11172,4472.83,0.14,13906.2
1581,2022-12-16,2024,Dec,Q4,Dairy Milk,Mid-range,East India,Institutional,2151,45,132458.61,75285,40848.75,0.14,83243.7
1582,2022-12-10,2023,Dec,Q4,Dairy Milk Silk,Premium,East India,Institutional,2144,75,236140.85,111488,70253.39,0.03,155976
1583,2022-12-25,2024,Dec,Q4,5 Star,Value,East India,E-Commerce,1097,30,26123.04,24134,6204.43,0.1,29619
1584,2022-12-18,2025,Dec,Q4,Perk,Value,East India,Modern Trade,2149,25,36472.69,38682,7509.91,0.09,48889.75
1585,2022-12-27,2025,Dec,Q4,Bournville,Premium,East India,Modern Trade,781,90,93922.27,50765,29604.87,0.06,66072.6
1586,2022-12-13,2024,Dec,Q4,Gems,Value,East India,General Trade,383,20,7777.6,5362,2009.19,0.15,6511
1587,2022-12-28,2025,Dec,Q4,Celebrations Box,Premium,East India,Institutional,813,250,197793.15,146340,55231.47,0.14,174795
1588,2022-12-10,2023,Dec,Q4,Oreo,Mid-range,East India,E-Commerce,2793,40,97293.63,78204,31879.29,0.01,110602.8
1589,2022-12-21,2025,Dec,Q4,Fuse,Value,East India,Modern Trade,1240,35,40299.33,29760,10780.26,0.04,41664
1590,2022-12-15,2024,Dec,Q4,Caramel,Mid-range,East India,Institutional,663,55,31157.43,25194,9269.41,0.13,31724.55
1591,2022-12-11,2023,Dec,Q4,Dairy Milk,Mid-range,International,E-Commerce,831,45,53090.15,29085,11201.75,0.12,32907.6
1592,2022-12-09,2025,Dec,Q4,Dairy Milk Silk,Premium,International,General Trade,2375,75,242505.43,123500,83055.77,0.07,165656.25
1593,2022-12-26,2025,Dec,Q4,5 Star,Value,International,General Trade,319,30,7195.97,7018,1527.68,0.11,8517.3
1594,2022-12-07,2024,Dec,Q4,Perk,Value,International,E-Commerce,1906,25,34380.6,34308,7770.28,0.1,42885
1595,2022-12-13,2025,Dec,Q4,Bournville,Premium,International,General Trade,2031,90,206345.86,132015,59599.49,0.13,159027.3
1596,2022-12-13,2025,Dec,Q4,Gems,Value,International,Institutional,1757,20,39586.62,24598,12318.82,0.05,33383
1597,2022-12-16,2023,Dec,Q4,Celebrations Box,Premium,International,Modern Trade,809,250,173927.69,145620,58418,0.15,171912.5
1598,2022-12-13,2023,Dec,Q4,Oreo,Mid-range,International,E-Commerce,991,40,43290.21,27748,10754.75,0,39640
1599,2022-12-11,2024,Dec,Q4,Fuse,Value,International,General Trade,1559,35,58276.51,37416,15317.65,0.11,48562.85
1600,2022-12-01,2025,Dec,Q4,Caramel,Mid-range,International,E-Commerce,1948,55,93082.68,74024,21642.24,0.11,95354.6
1601,2023-01-08,2023,Jan,Q1,Dairy Milk,Mid-range,North India,E-Commerce,1538,45,116731.94,53830,38008.08,0.05,65749.5
1602,2023-01-10,2025,Jan,Q1,Dairy Milk Silk,Premium,North India,Modern Trade,1567,75,184151.58,81484,53905.32,0.02,115174.5
1603,2023-01-23,2025,Jan,Q1,5 Star,Value,North India,General Trade,1030,30,22187.32,22660,5238.84,0.1,27810
1604,2023-01-10,2023,Jan,Q1,Perk,Value,North India,E-Commerce,1613,25,27221.19,29034,7811.04,0.02,39518.5
1605,2023-01-05,2023,Jan,Q1,Bournville,Premium,North India,E-Commerce,1458,90,148360.2,94770,33422.7,0.03,127283.4
1606,2023-01-20,2025,Jan,Q1,Gems,Value,North India,Institutional,513,20,11156.11,7182,2236.33,0.07,9541.8
1607,2023-01-16,2025,Jan,Q1,Celebrations Box,Premium,North India,E-Commerce,1051,250,283471.51,189180,83214.61,0.11,233847.5
1608,2023-01-25,2025,Jan,Q1,Oreo,Mid-range,North India,General Trade,1760,40,80079.44,49280,27810.77,0.04,67584
1609,2023-01-23,2023,Jan,Q1,Fuse,Value,North India,Modern Trade,1276,35,48174.77,30624,13600.02,0.07,41533.8
1610,2023-01-04,2025,Jan,Q1,Caramel,Mid-range,North India,E-Commerce,359,55,18071.62,13642,4850.6,0.14,16980.7
1611,2023-01-17,2024,Jan,Q1,Dairy Milk,Mid-range,South India,Modern Trade,1897,45,148388.27,66395,36522.65,0.08,78535.8
1612,2023-01-06,2024,Jan,Q1,Dairy Milk Silk,Premium,South India,General Trade,1372,75,140043.49,71344,46608.83,0.08,94668
1613,2023-01-04,2024,Jan,Q1,5 Star,Value,South India,E-Commerce,1949,30,52129.22,42878,13773.99,0.08,53792.4
1614,2023-01-03,2024,Jan,Q1,Perk,Value,South India,General Trade,1668,25,33356.2,30024,10641.32,0.09,37947
1615,2023-01-05,2025,Jan,Q1,Bournville,Premium,South India,Institutional,1856,90,207974.63,120640,67454.52,0.01,165369.6
1616,2023-01-18,2023,Jan,Q1,Gems,Value,South India,Institutional,1135,20,22968.22,15890,6310.85,0.08,20884
1617,2023-01-24,2023,Jan,Q1,Celebrations Box,Premium,South India,Institutional,1577,250,432760.29,283860,119490.62,0.12,346940
1618,2023-01-01,2024,Jan,Q1,Oreo,Mid-range,South India,Modern Trade,1010,40,34896.64,28280,11819.74,0.04,38784
1619,2023-01-14,2023,Jan,Q1,Fuse,Value,South India,General Trade,1384,35,47005.66,33216,10178.47,0.01,47955.6
1620,2023-01-02,2023,Jan,Q1,Caramel,Mid-range,South India,E-Commerce,1634,55,99923.66,62092,25116.66,0.01,88971.3
1621,2023-01-14,2024,Jan,Q1,Dairy Milk,Mid-range,West India,Modern Trade,1166,45,75632.75,40810,19759.27,0,52470
1622,2023-01-21,2025,Jan,Q1,Dairy Milk Silk,Premium,West India,General Trade,1774,75,192816.85,92248,65540.31,0.02,130389
1623,2023-01-13,2025,Jan,Q1,5 Star,Value,West India,Institutional,966,30,23607.65,21252,7121.09,0.15,24633
1624,2023-01-13,2025,Jan,Q1,Perk,Value,West India,Institutional,1980,25,37452.48,35640,8216.16,0.14,42570
1625,2023-01-22,2024,Jan,Q1,Bournville,Premium,West India,Institutional,364,90,36625.69,23660,8021.46,0.1,29484
1626,2023-01-04,2024,Jan,Q1,Gems,Value,West India,General Trade,1538,20,33996.45,21532,11311.56,0.13,26761.2
1627,2023-01-05,2023,Jan,Q1,Celebrations Box,Premium,West India,General Trade,1300,250,364601.5,234000,118765.02,0.06,305500
1628,2023-01-01,2024,Jan,Q1,Oreo,Mid-range,West India,General Trade,1909,40,85743.99,53452,27335.91,0,76360
1629,2023-01-18,2024,Jan,Q1,Fuse,Value,West India,E-Commerce,1148,35,36598.68,27552,6633.62,0.1,36162
1630,2023-01-08,2023,Jan,Q1,Caramel,Mid-range,West India,Institutional,1289,55,61733.63,48982,16270.1,0.06,66641.3
1631,2023-01-09,2023,Jan,Q1,Dairy Milk,Mid-range,East India,General Trade,1143,45,78550.91,40005,23840.15,0.05,48863.25
1632,2023-01-04,2024,Jan,Q1,Dairy Milk Silk,Premium,East India,General Trade,1992,75,226138.46,103584,43674.5,0.11,132966
1633,2023-01-20,2023,Jan,Q1,5 Star,Value,East India,Modern Trade,1857,30,49636.2,40854,13874.89,0.1,50139
1634,2023-01-04,2023,Jan,Q1,Perk,Value,East India,Modern Trade,692,25,14606.57,12456,5011.49,0.03,16781
1635,2023-01-23,2025,Jan,Q1,Bournville,Premium,East India,Modern Trade,1114,90,131848.68,72410,36229.72,0.09,91236.6
1636,2023-01-13,2025,Jan,Q1,Gems,Value,East India,Modern Trade,701,20,13276.27,9814,3281.78,0.11,12477.8
1637,2023-01-25,2024,Jan,Q1,Celebrations Box,Premium,East India,Institutional,679,250,170732.73,122220,34466.82,0.08,156170
1638,2023-01-10,2025,Jan,Q1,Oreo,Mid-range,East India,Modern Trade,486,40,22322.12,13608,4856.79,0.08,17884.8
1639,2023-01-19,2023,Jan,Q1,Fuse,Value,East India,General Trade,1870,35,73721.45,44880,25779.4,0.14,56287
1640,2023-01-22,2024,Jan,Q1,Caramel,Mid-range,East India,E-Commerce,1382,55,71398.54,52516,15641.02,0.09,69169.1
1641,2023-01-05,2025,Jan,Q1,Dairy Milk,Mid-range,International,E-Commerce,685,45,43540.46,23975,12778.36,0.05,29283.75
1642,2023-01-02,2024,Jan,Q1,Dairy Milk Silk,Premium,International,General Trade,1046,75,133673.18,54392,37815.99,0.05,74527.5
1643,2023-01-18,2023,Jan,Q1,5 Star,Value,International,General Trade,1482,30,32373.44,32604,6472.42,0.1,40014
1644,2023-01-21,2025,Jan,Q1,Perk,Value,International,Institutional,296,25,5207.22,5328,1557.49,0.15,6290
1645,2023-01-23,2023,Jan,Q1,Bournville,Premium,International,Institutional,1809,90,209638.68,117585,71034.5,0.08,149785.2
1646,2023-01-13,2023,Jan,Q1,Gems,Value,International,Institutional,1036,20,19196.97,14504,6054.63,0.02,20305.6
1647,2023-01-08,2023,Jan,Q1,Celebrations Box,Premium,International,General Trade,1745,250,478142.56,314100,104347.17,0.08,401350
1648,2023-01-05,2023,Jan,Q1,Oreo,Mid-range,International,General Trade,815,40,36906.21,22820,10667.25,0.13,28362
1649,2023-01-14,2025,Jan,Q1,Fuse,Value,International,Institutional,318,35,9480.84,7632,2345.27,0.08,10239.6
1650,2023-01-07,2024,Jan,Q1,Caramel,Mid-range,International,General Trade,995,55,49448.58,37810,12093.07,0.04,52536
1651,2023-02-15,2024,Feb,Q1,Dairy Milk,Mid-range,North India,E-Commerce,1828,45,115005.58,63980,23528.85,0.01,81437.4
1652,2023-02-27,2025,Feb,Q1,Dairy Milk Silk,Premium,North India,E-Commerce,466,75,44899.56,24232,14506.27,0.08,32154
1653,2023-02-22,2023,Feb,Q1,5 Star,Value,North India,General Trade,366,30,9033.94,8052,2577.97,0.04,10540.8
1654,2023-02-26,2023,Feb,Q1,Perk,Value,North India,Modern Trade,2386,25,44601.91,42948,10964.34,0.01,59053.5
1655,2023-02-11,2025,Feb,Q1,Bournville,Premium,North India,General Trade,1417,90,137399.84,92105,43024.77,0.03,123704.1
1656,2023-02-07,2025,Feb,Q1,Gems,Value,North India,E-Commerce,277,20,6627.93,3878,1894.11,0.03,5373.8
1657,2023-02-16,2023,Feb,Q1,Celebrations Box,Premium,North India,Modern Trade,2074,250,596370.67,373320,164335.45,0.15,440725
1658,2023-02-07,2023,Feb,Q1,Oreo,Mid-range,North India,General Trade,1948,40,90192.45,54544,20391.32,0.09,70907.2
1659,2023-02-25,2023,Feb,Q1,Fuse,Value,North India,Institutional,828,35,30915.21,19872,5691.41,0.08,26661.6
1660,2023-02-21,2024,Feb,Q1,Caramel,Mid-range,North India,E-Commerce,1174,55,70648.53,44612,19723.48,0.07,60050.1
1661,2023-02-17,2025,Feb,Q1,Dairy Milk,Mid-range,South India,E-Commerce,997,45,66731.08,34895,15395.49,0.04,43070.4
1662,2023-02-24,2023,Feb,Q1,Dairy Milk Silk,Premium,South India,Institutional,1384,75,178303.46,71968,34906.47,0.01,102762
1663,2023-02-07,2025,Feb,Q1,5 Star,Value,South India,Institutional,2110,30,47572.52,46420,15585.95,0.13,55071
1664,2023-02-19,2024,Feb,Q1,Perk,Value,South India,E-Commerce,1008,25,22312.06,18144,6952.89,0.06,23688
1665,2023-02-09,2025,Feb,Q1,Bournville,Premium,South India,General Trade,2061,90,218622.58,133965,71801.45,0.02,181780.2
1666,2023-02-11,2024,Feb,Q1,Gems,Value,South India,Institutional,964,20,17873.71,13496,4865.3,0.02,18894.4
1667,2023-02-08,2024,Feb,Q1,Celebrations Box,Premium,South India,General Trade,1172,250,288881.55,210960,60994.68,0.09,266630
1668,2023-02-22,2023,Feb,Q1,Oreo,Mid-range,South India,Institutional,1592,40,66582.65,44576,17306.14,0.1,57312
1669,2023-02-16,2025,Feb,Q1,Fuse,Value,South India,E-Commerce,872,35,28636.97,20928,9528.4,0.11,27162.8
1670,2023-02-26,2023,Feb,Q1,Caramel,Mid-range,South India,Institutional,1371,55,79875.77,52098,16937.07,0.03,73142.85
1671,2023-02-18,2025,Feb,Q1,Dairy Milk,Mid-range,West India,E-Commerce,655,45,41239.21,22925,9662.33,0.02,28885.5
1672,2023-02-18,2025,Feb,Q1,Dairy Milk Silk,Premium,West India,Institutional,691,75,79400.23,35932,27213.96,0.14,44569.5
1673,2023-02-28,2024,Feb,Q1,5 Star,Value,West India,Modern Trade,1527,30,38123.23,33594,11497.72,0.01,45351.9
1674,2023-02-25,2023,Feb,Q1,Perk,Value,West India,Modern Trade,2250,25,42686.66,40500,8792.18,0.1,50625
1675,2023-02-21,2025,Feb,Q1,Bournville,Premium,West India,Modern Trade,1252,90,145720.57,81380,41462.1,0.02,110426.4
1676,2023-02-01,2024,Feb,Q1,Gems,Value,West India,General Trade,406,20,8909.24,5684,2730.77,0.11,7226.8
1677,2023-02-02,2025,Feb,Q1,Celebrations Box,Premium,West India,General Trade,1482,250,424522.37,266760,98553.56,0.07,344565
1678,2023-02-01,2025,Feb,Q1,Oreo,Mid-range,West India,Institutional,1860,40,82606.19,52080,28218.35,0.07,69192
1679,2023-02-24,2023,Feb,Q1,Fuse,Value,West India,Institutional,268,35,8826.08,6432,2887.59,0,9380
1680,2023-02-01,2025,Feb,Q1,Caramel,Mid-range,West India,E-Commerce,1556,55,88064.44,59128,26170.07,0.15,72743
1681,2023-02-06,2024,Feb,Q1,Dairy Milk,Mid-range,East India,Institutional,2221,45,135755.86,77735,40626.73,0.14,85952.7
1682,2023-02-08,2025,Feb,Q1,Dairy Milk Silk,Premium,East India,Modern Trade,476,75,56199.77,24752,10439.42,0.08,32844
1683,2023-02-27,2024,Feb,Q1,5 Star,Value,East India,General Trade,1762,30,34751.31,38764,10191.05,0.08,48631.2
1684,2023-02-03,2024,Feb,Q1,Perk,Value,East India,E-Commerce,896,25,15980.3,16128,3216.67,0.12,19712
1685,2023-02-08,2023,Feb,Q1,Bournville,Premium,East India,E-Commerce,1237,90,136885.99,80405,30732.76,0.07,103536.9
1686,2023-02-28,2023,Feb,Q1,Gems,Value,East India,General Trade,976,20,19182.95,13664,3731.46,0.1,17568
1687,2023-02-21,2023,Feb,Q1,Celebrations Box,Premium,East India,Modern Trade,1845,250,474167.97,332100,156685.75,0.15,392062.5
1688,2023-02-13,2024,Feb,Q1,Oreo,Mid-range,East India,Modern Trade,469,40,16117.4,13132,5326.42,0.06,17634.4
1689,2023-02-23,2023,Feb,Q1,Fuse,Value,East India,Institutional,376,35,14790.53,9024,3962.1,0.1,11844
1690,2023-02-14,2024,Feb,Q1,Caramel,Mid-range,East India,General Trade,442,55,22164.52,16796,6742.25,0.07,22608.3
1691,2023-02-04,2025,Feb,Q1,Dairy Milk,Mid-range,International,E-Commerce,1629,45,109149.63,57015,33836.15,0.15,62309.25
1692,2023-02-28,2023,Feb,Q1,Dairy Milk Silk,Premium,International,Modern Trade,804,75,80399,41808,22460.5,0.03,58491
1693,2023-02-03,2024,Feb,Q1,5 Star,Value,International,Institutional,906,30,19905.69,19932,6078.31,0.01,26908.2
1694,2023-02-02,2023,Feb,Q1,Perk,Value,International,E-Commerce,1574,25,26023.11,28332,4864,0.08,36202
1695,2023-02-07,2024,Feb,Q1,Bournville,Premium,International,General Trade,2329,90,244161.87,151385,73175.23,0.05,199129.5
1696,2023-02-27,2025,Feb,Q1,Gems,Value,International,General Trade,2088,20,42550.13,29232,14712.28,0.12,36748.8
1697,2023-02-19,2025,Feb,Q1,Celebrations Box,Premium,International,Institutional,428,250,94990.65,77040,18027.75,0.04,102720
1698,2023-02-13,2024,Feb,Q1,Oreo,Mid-range,International,General Trade,1632,40,65052.6,45696,15139.08,0.13,56793.6
1699,2023-02-05,2025,Feb,Q1,Fuse,Value,International,E-Commerce,1183,35,41447.47,28392,11764.3,0.11,36850.45
1700,2023-02-12,2024,Feb,Q1,Caramel,Mid-range,International,Modern Trade,1470,55,85212.02,55860,23092.83,0.11,71956.5
1701,2023-03-27,2025,Mar,Q1,Dairy Milk,Mid-range,North India,Modern Trade,400,45,22895.63,14000,6043.55,0.07,16740
1702,2023-03-20,2024,Mar,Q1,Dairy Milk Silk,Premium,North India,Modern Trade,897,75,108831.51,46644,35588.14,0.09,61220.25
1703,2023-03-21,2024,Mar,Q1,5 Star,Value,North India,Institutional,1784,30,35311.67,39248,11631.31,0.05,50844
1704,2023-03-16,2025,Mar,Q1,Perk,Value,North India,E-Commerce,1804,25,30121.1,32472,9338.23,0.15,38335
1705,2023-03-13,2023,Mar,Q1,Bournville,Premium,North India,General Trade,928,90,92735.47,60320,29621.45,0.08,76838.4
1706,2023-03-22,2023,Mar,Q1,Gems,Value,North India,Institutional,580,20,12255.42,8120,3075.68,0.1,10440
1707,2023-03-10,2023,Mar,Q1,Celebrations Box,Premium,North India,Institutional,375,250,79769.02,67500,21999.44,0.12,82500
1708,2023-03-09,2023,Mar,Q1,Oreo,Mid-range,North India,General Trade,1660,40,76950.83,46480,20898.16,0.01,65736
1709,2023-03-21,2023,Mar,Q1,Fuse,Value,North India,General Trade,978,35,34264.51,23472,6337.42,0.11,30464.7
1710,2023-03-12,2024,Mar,Q1,Caramel,Mid-range,North India,General Trade,1714,55,108159.09,65132,21046.2,0.06,88613.8
1711,2023-03-10,2025,Mar,Q1,Dairy Milk,Mid-range,South India,Modern Trade,387,45,21701.21,13545,6909.29,0,17415
1712,2023-03-04,2024,Mar,Q1,Dairy Milk Silk,Premium,South India,Institutional,937,75,102090.91,48724,27006.73,0.11,62544.75
1713,2023-03-15,2023,Mar,Q1,5 Star,Value,South India,General Trade,378,30,8352.23,8316,1630.26,0.03,10999.8
1714,2023-03-12,2024,Mar,Q1,Perk,Value,South India,Institutional,411,25,8841.1,7398,2154.84,0,10275
1715,2023-03-11,2025,Mar,Q1,Bournville,Premium,South India,Modern Trade,1422,90,139852.66,92430,36760.55,0.09,116461.8
1716,2023-03-13,2024,Mar,Q1,Gems,Value,South India,Institutional,225,20,5399.04,3150,1621.1,0.04,4320
1717,2023-03-08,2023,Mar,Q1,Celebrations Box,Premium,South India,Modern Trade,1684,250,379476.93,303120,91260.36,0.14,362060
1718,2023-03-05,2024,Mar,Q1,Oreo,Mid-range,South India,General Trade,1603,40,67660.77,44884,12569.41,0.06,60272.8
1719,2023-03-05,2024,Mar,Q1,Fuse,Value,South India,E-Commerce,816,35,31146.76,19584,8526.45,0.04,27417.6
1720,2023-03-14,2023,Mar,Q1,Caramel,Mid-range,South India,Modern Trade,542,55,31574.46,20596,10175.38,0.07,27723.3
1721,2023-03-12,2024,Mar,Q1,Dairy Milk,Mid-range,West India,E-Commerce,1191,45,87196.64,41685,17267.97,0.12,47163.6
1722,2023-03-16,2023,Mar,Q1,Dairy Milk Silk,Premium,West India,E-Commerce,705,75,69690.85,36660,23738.68,0.11,47058.75
1723,2023-03-10,2024,Mar,Q1,5 Star,Value,West India,General Trade,1137,30,23364.73,25014,6934.22,0.02,33427.8
1724,2023-03-20,2025,Mar,Q1,Perk,Value,West India,Modern Trade,1010,25,20167.17,18180,6484.35,0.05,23987.5
1725,2023-03-15,2023,Mar,Q1,Bournville,Premium,West India,Institutional,1846,90,218338.14,119990,57271.31,0.13,144541.8
1726,2023-03-28,2025,Mar,Q1,Gems,Value,West India,E-Commerce,1081,20,21402.05,15134,5255.69,0.12,19025.6
1727,2023-03-23,2025,Mar,Q1,Celebrations Box,Premium,West India,General Trade,815,250,238394.91,146700,63715.41,0.05,193562.5
1728,2023-03-13,2023,Mar,Q1,Oreo,Mid-range,West India,General Trade,1181,40,49679.37,33068,13468.49,0.05,44878
1729,2023-03-21,2025,Mar,Q1,Fuse,Value,West India,E-Commerce,796,35,26931.75,19104,9079.46,0.11,24795.4
1730,2023-03-11,2025,Mar,Q1,Caramel,Mid-range,West India,Institutional,1379,55,76738.26,52402,23846.35,0.12,66743.6
1731,2023-03-13,2023,Mar,Q1,Dairy Milk,Mid-range,East India,Institutional,774,45,60499.14,27090,15609.14,0.12,30650.4
1732,2023-03-07,2024,Mar,Q1,Dairy Milk Silk,Premium,East India,E-Commerce,433,75,51494.5,22516,17989.9,0.14,27928.5
1733,2023-03-01,2025,Mar,Q1,5 Star,Value,East India,General Trade,1596,30,32512.42,35112,9728.93,0.12,42134.4
1734,2023-03-26,2024,Mar,Q1,Perk,Value,East India,Institutional,1650,25,31908.81,29700,6332.36,0.03,40012.5
1735,2023-03-27,2025,Mar,Q1,Bournville,Premium,East India,E-Commerce,1902,90,199382.98,123630,62022.91,0.1,154062
1736,2023-03-21,2023,Mar,Q1,Gems,Value,East India,Institutional,1578,20,34053.58,22092,8703.95,0.07,29350.8
1737,2023-03-05,2023,Mar,Q1,Celebrations Box,Premium,East India,E-Commerce,695,250,150708.6,125100,51219.41,0.04,166800
1738,2023-03-15,2024,Mar,Q1,Oreo,Mid-range,East India,Institutional,1816,40,65631.76,50848,15817.16,0.06,68281.6
1739,2023-03-17,2025,Mar,Q1,Fuse,Value,East India,Institutional,1392,35,47240.94,33408,11708,0.06,45796.8
1740,2023-03-12,2024,Mar,Q1,Caramel,Mid-range,East India,Institutional,1313,55,82863.77,49894,20111.8,0.01,71492.85
1741,2023-03-22,2025,Mar,Q1,Dairy Milk,Mid-range,International,Modern Trade,423,45,28453.6,14805,6069.84,0.12,16750.8
1742,2023-03-02,2023,Mar,Q1,Dairy Milk Silk,Premium,International,E-Commerce,540,75,68454.35,28080,12427.31,0.1,36450
1743,2023-03-26,2023,Mar,Q1,5 Star,Value,International,Institutional,1741,30,39465.46,38302,7792.23,0.05,49618.5
1744,2023-03-09,2024,Mar,Q1,Perk,Value,International,Institutional,416,25,6890.71,7488,1953.85,0,10400
1745,2023-03-18,2023,Mar,Q1,Bournville,Premium,International,General Trade,1245,90,116389.4,80925,37359.51,0.11,99724.5
1746,2023-03-15,2023,Mar,Q1,Gems,Value,International,General Trade,1112,20,26446.75,15568,7783.38,0.06,20905.6
1747,2023-03-16,2023,Mar,Q1,Celebrations Box,Premium,International,General Trade,906,250,262546.96,163080,76301.95,0.15,192525
1748,2023-03-03,2023,Mar,Q1,Oreo,Mid-range,International,Modern Trade,805,40,34307.07,22540,7305.8,0.06,30268
1749,2023-03-05,2024,Mar,Q1,Fuse,Value,International,Modern Trade,1902,35,58155.53,45648,16944.14,0.14,57250.2
1750,2023-03-26,2023,Mar,Q1,Caramel,Mid-range,International,E-Commerce,838,55,47572.3,31844,13871.34,0.05,43785.5
1751,2023-04-16,2024,Apr,Q2,Dairy Milk,Mid-range,North India,General Trade,1267,45,98596.83,44345,19685.05,0.07,53023.95
1752,2023-04-15,2024,Apr,Q2,Dairy Milk Silk,Premium,North India,Modern Trade,1097,75,136182.43,57044,35404.79,0.11,73224.75
1753,2023-04-26,2023,Apr,Q2,5 Star,Value,North India,E-Commerce,337,30,7992.77,7414,1782.43,0.05,9604.5
1754,2023-04-21,2025,Apr,Q2,Perk,Value,North India,Modern Trade,246,25,4627.85,4428,1189.87,0.13,5350.5
1755,2023-04-24,2025,Apr,Q2,Bournville,Premium,North India,Modern Trade,1586,90,140863.41,103090,43447.59,0.12,125611.2
1756,2023-04-06,2025,Apr,Q2,Gems,Value,North India,General Trade,1256,20,22182.5,17584,4966.88,0.03,24366.4
1757,2023-04-15,2025,Apr,Q2,Celebrations Box,Premium,North India,E-Commerce,1346,250,323166.16,242280,72513.04,0.06,316310
1758,2023-04-06,2023,Apr,Q2,Oreo,Mid-range,North India,General Trade,1833,40,83753.02,51324,23310.17,0.06,68920.8
1759,2023-04-13,2023,Apr,Q2,Fuse,Value,North India,General Trade,1511,35,61031.06,36264,14007.33,0.1,47596.5
1760,2023-04-07,2024,Apr,Q2,Caramel,Mid-range,North India,Modern Trade,1710,55,99892.26,64980,29814.69,0.09,85585.5
1761,2023-04-01,2024,Apr,Q2,Dairy Milk,Mid-range,South India,Institutional,1412,45,99799.96,49420,27824.02,0.06,59727.6
1762,2023-04-23,2023,Apr,Q2,Dairy Milk Silk,Premium,South India,General Trade,621,75,65487.86,32292,14737.89,0.04,44712
1763,2023-04-28,2024,Apr,Q2,5 Star,Value,South India,Modern Trade,1382,30,29465.55,30404,9685.96,0.02,40630.8
1764,2023-04-15,2023,Apr,Q2,Perk,Value,South India,General Trade,949,25,16849.02,17082,3818.13,0.05,22538.75
1765,2023-04-16,2024,Apr,Q2,Bournville,Premium,South India,Modern Trade,737,90,68077.75,47905,13597.68,0.1,59697
1766,2023-04-13,2024,Apr,Q2,Gems,Value,South India,E-Commerce,1422,20,28181.57,19908,5322.5,0.06,26733.6
1767,2023-04-15,2024,Apr,Q2,Celebrations Box,Premium,South India,Modern Trade,912,250,210624.9,164160,41171.49,0.05,216600
1768,2023-04-26,2024,Apr,Q2,Oreo,Mid-range,South India,General Trade,1866,40,82826.23,52248,25869.17,0.1,67176
1769,2023-04-22,2024,Apr,Q2,Fuse,Value,South India,E-Commerce,1458,35,55006.98,34992,11398.72,0.09,46437.3
1770,2023-04-10,2023,Apr,Q2,Caramel,Mid-range,South India,General Trade,841,55,44293.1,31958,11884.26,0.02,45329.9
1771,2023-04-05,2024,Apr,Q2,Dairy Milk,Mid-range,West India,Modern Trade,574,45,38953.03,20090,10428.83,0.06,24280.2
1772,2023-04-19,2023,Apr,Q2,Dairy Milk Silk,Premium,West India,Institutional,1056,75,98006.82,54912,24492.17,0.09,72072
1773,2023-04-21,2023,Apr,Q2,5 Star,Value,West India,Institutional,1066,30,20493.37,23452,5240.05,0.03,31020.6
1774,2023-04-10,2025,Apr,Q2,Perk,Value,West India,General Trade,1336,25,25132.91,24048,5412.51,0.03,32398
1775,2023-04-15,2023,Apr,Q2,Bournville,Premium,West India,General Trade,583,90,70119.43,37895,18580.1,0.05,49846.5
1776,2023-04-01,2025,Apr,Q2,Gems,Value,West India,Modern Trade,1972,20,46847.45,27608,11894.19,0.05,37468
1777,2023-04-13,2024,Apr,Q2,Celebrations Box,Premium,West India,Institutional,479,250,122230.71,86220,39083.31,0.03,116157.5
1778,2023-04-14,2024,Apr,Q2,Oreo,Mid-range,West India,Institutional,1037,40,43962.58,29036,8317.36,0.1,37332
1779,2023-04-19,2025,Apr,Q2,Fuse,Value,West India,Institutional,1200,35,49601.08,28800,11472.28,0.03,40740
1780,2023-04-10,2023,Apr,Q2,Caramel,Mid-range,West India,Modern Trade,1829,55,111868.78,69502,23497.74,0.11,89529.55
1781,2023-04-10,2025,Apr,Q2,Dairy Milk,Mid-range,East India,Modern Trade,762,45,58668.88,26670,16498.23,0.03,33261.3
1782,2023-04-24,2024,Apr,Q2,Dairy Milk Silk,Premium,East India,General Trade,1798,75,230874.19,93496,61826.15,0.07,125410.5
1783,2023-04-19,2025,Apr,Q2,5 Star,Value,East India,Institutional,1325,30,34104.53,29150,7892.77,0.08,36570
1784,2023-04-27,2025,Apr,Q2,Perk,Value,East India,Modern Trade,748,25,16076.38,13464,3637.43,0.12,16456
1785,2023-04-02,2025,Apr,Q2,Bournville,Premium,East India,E-Commerce,1310,90,137674.86,85150,40816.36,0.12,103752
1786,2023-04-14,2025,Apr,Q2,Gems,Value,East India,Institutional,1318,20,26973,18452,5725.66,0.03,25569.2
1787,2023-04-25,2023,Apr,Q2,Celebrations Box,Premium,East India,Modern Trade,1707,250,374213.9,307260,117630.01,0.12,375540
1788,2023-04-02,2025,Apr,Q2,Oreo,Mid-range,East India,General Trade,809,40,38813.59,22652,13467.13,0.13,28153.2
1789,2023-04-27,2025,Apr,Q2,Fuse,Value,East India,Institutional,738,35,25206.74,17712,5012.62,0.05,24538.5
1790,2023-04-04,2024,Apr,Q2,Caramel,Mid-range,East India,Modern Trade,1099,55,68511.88,41762,18897.02,0.13,52587.15
1791,2023-04-19,2024,Apr,Q2,Dairy Milk,Mid-range,International,General Trade,629,45,43592.57,22015,11016.56,0.12,24908.4
1792,2023-04-21,2023,Apr,Q2,Dairy Milk Silk,Premium,International,E-Commerce,1963,75,238723.18,102076,68064.04,0.11,131030.25
1793,2023-04-26,2024,Apr,Q2,5 Star,Value,International,Institutional,539,30,13455.17,11858,2838.94,0.09,14714.7
1794,2023-04-02,2024,Apr,Q2,Perk,Value,International,General Trade,1866,25,41037.38,33588,9254.59,0.03,45250.5
1795,2023-04-18,2024,Apr,Q2,Bournville,Premium,International,E-Commerce,1290,90,133905.05,83850,33759.99,0.04,111456
1796,2023-04-10,2023,Apr,Q2,Gems,Value,International,General Trade,862,20,18278.77,12068,5704.73,0.15,14654
1797,2023-04-28,2023,Apr,Q2,Celebrations Box,Premium,International,E-Commerce,1372,250,403265.41,246960,123883.34,0.04,329280
1798,2023-04-26,2024,Apr,Q2,Oreo,Mid-range,International,Modern Trade,477,40,22354.85,13356,7787.55,0.14,16408.8
1799,2023-04-28,2023,Apr,Q2,Fuse,Value,International,Institutional,321,35,11354.17,7704,2617.19,0.15,9549.75
1800,2023-04-08,2025,Apr,Q2,Caramel,Mid-range,International,General Trade,1636,55,104383.84,62168,34505.63,0.13,78282.6
1801,2023-05-08,2025,May,Q2,Dairy Milk,Mid-range,North India,General Trade,1656,45,111413.97,57960,37191.34,0.05,70794
1802,2023-05-21,2025,May,Q2,Dairy Milk Silk,Premium,North India,Institutional,1202,75,118018.6,62504,24788.45,0.02,88347
1803,2023-05-15,2025,May,Q2,5 Star,Value,North India,E-Commerce,1485,30,30805.35,32670,8545.76,0.06,41877
1804,2023-05-25,2025,May,Q2,Perk,Value,North India,Modern Trade,1497,25,26133.56,26946,8212.46,0.12,32934
1805,2023-05-09,2025,May,Q2,Bournville,Premium,North India,Modern Trade,1025,90,108528.84,66625,24705.89,0.08,84870
1806,2023-05-11,2024,May,Q2,Gems,Value,North India,E-Commerce,1131,20,25657.5,15834,7708.27,0.14,19453.2
1807,2023-05-24,2024,May,Q2,Celebrations Box,Premium,North India,Modern Trade,1979,250,458978.96,356220,156741.22,0.12,435380
1808,2023-05-21,2023,May,Q2,Oreo,Mid-range,North India,Modern Trade,1696,40,60043.7,47488,16538.08,0.15,57664
1809,2023-05-18,2023,May,Q2,Fuse,Value,North India,E-Commerce,1941,35,73297.86,46584,17142.91,0.01,67255.65
1810,2023-05-27,2023,May,Q2,Caramel,Mid-range,North India,Institutional,646,55,40360.82,24548,8490.92,0.15,30200.5
1811,2023-05-27,2024,May,Q2,Dairy Milk,Mid-range,South India,General Trade,1213,45,80175.19,42455,15621.47,0.04,52401.6
1812,2023-05-05,2023,May,Q2,Dairy Milk Silk,Premium,South India,E-Commerce,891,75,94168.17,46332,25241.4,0.08,61479
1813,2023-05-22,2025,May,Q2,5 Star,Value,South India,Institutional,1814,30,35863.84,39908,9984.98,0.05,51699
1814,2023-05-26,2023,May,Q2,Perk,Value,South India,Modern Trade,294,25,4976.06,5292,932.12,0.01,7276.5
1815,2023-05-28,2025,May,Q2,Bournville,Premium,South India,Institutional,233,90,21869.88,15145,4134.51,0.02,20550.6
1816,2023-05-14,2023,May,Q2,Gems,Value,South India,General Trade,1103,20,21500.79,15442,5870.92,0.07,20515.8
1817,2023-05-21,2024,May,Q2,Celebrations Box,Premium,South India,General Trade,1610,250,371210.77,289800,95470.31,0.14,346150
1818,2023-05-09,2024,May,Q2,Oreo,Mid-range,South India,E-Commerce,525,40,22427.64,14700,4410.9,0.13,18270
1819,2023-05-03,2025,May,Q2,Fuse,Value,South India,Modern Trade,1540,35,47748.71,36960,12072.12,0.05,51205
1820,2023-05-06,2024,May,Q2,Caramel,Mid-range,South India,E-Commerce,1560,55,73871.7,59280,13672.28,0.14,73788
1821,2023-05-24,2025,May,Q2,Dairy Milk,Mid-range,West India,Modern Trade,1011,45,67868.53,35385,13186.72,0.09,41400.45
1822,2023-05-23,2025,May,Q2,Dairy Milk Silk,Premium,West India,General Trade,1079,75,137458.11,56108,31521.03,0.1,72832.5
1823,2023-05-03,2024,May,Q2,5 Star,Value,West India,Modern Trade,202,30,4685.57,4444,1510.09,0.03,5878.2
1824,2023-05-22,2023,May,Q2,Perk,Value,West India,General Trade,1415,25,26353.09,25470,5134.13,0.03,34313.75
1825,2023-05-11,2025,May,Q2,Bournville,Premium,West India,Institutional,219,90,21693.64,14235,4010.91,0,19710
1826,2023-05-05,2023,May,Q2,Gems,Value,West India,Modern Trade,1961,20,44411.57,27454,8811.9,0.06,36866.8
1827,2023-05-03,2024,May,Q2,Celebrations Box,Premium,West India,Institutional,345,250,99815.18,62100,25185.78,0.03,83662.5
1828,2023-05-10,2025,May,Q2,Oreo,Mid-range,West India,Modern Trade,411,40,18448.51,11508,5845.82,0.05,15618
1829,2023-05-25,2023,May,Q2,Fuse,Value,West India,General Trade,983,35,38772.6,23592,8106.3,0.12,30276.4
1830,2023-05-05,2023,May,Q2,Caramel,Mid-range,West India,General Trade,1513,55,79064.54,57494,16488.36,0.15,70732.75
1831,2023-05-20,2024,May,Q2,Dairy Milk,Mid-range,East India,Modern Trade,1286,45,97644.73,45010,17966.88,0.08,53240.4
1832,2023-05-07,2025,May,Q2,Dairy Milk Silk,Premium,East India,General Trade,1101,75,132246.95,57252,36880.19,0.05,78446.25
1833,2023-05-15,2025,May,Q2,5 Star,Value,East India,General Trade,1043,30,26773.26,22946,8949.12,0.09,28473.9
1834,2023-05-05,2025,May,Q2,Perk,Value,East India,General Trade,377,25,7571.56,6786,2185.1,0.13,8199.75
1835,2023-05-12,2025,May,Q2,Bournville,Premium,East India,Modern Trade,1407,90,124596.71,91455,36615.37,0.11,112700.7
1836,2023-05-08,2024,May,Q2,Gems,Value,East India,Institutional,844,20,17493.61,11816,4063.06,0.12,14854.4
1837,2023-05-18,2024,May,Q2,Celebrations Box,Premium,East India,E-Commerce,1520,250,407307.14,273600,110820.11,0.01,376200
1838,2023-05-01,2023,May,Q2,Oreo,Mid-range,East India,E-Commerce,1795,40,63010.42,50260,18001.62,0.14,61748
1839,2023-05-17,2023,May,Q2,Fuse,Value,East India,E-Commerce,620,35,20595.32,14880,3893.31,0.08,19964
1840,2023-05-21,2024,May,Q2,Caramel,Mid-range,East India,General Trade,1731,55,81220.57,65778,20698.26,0.06,89492.7
1841,2023-05-08,2024,May,Q2,Dairy Milk,Mid-range,International,Modern Trade,1805,45,115555.49,63175,30570.22,0.13,70665.75
1842,2023-05-16,2025,May,Q2,Dairy Milk Silk,Premium,International,Institutional,990,75,116291.97,51480,39899.86,0.02,72765
1843,2023-05-01,2025,May,Q2,5 Star,Value,International,Modern Trade,1281,30,33680.17,28182,9688.68,0.13,33434.1
1844,2023-05-28,2025,May,Q2,Perk,Value,International,E-Commerce,848,25,18276.97,15264,5595.96,0.02,20776
1845,2023-05-06,2025,May,Q2,Bournville,Premium,International,Institutional,948,90,108786.83,61620,37469.84,0.08,78494.4
1846,2023-05-19,2023,May,Q2,Gems,Value,International,Institutional,1777,20,30304.47,24878,8905.44,0.01,35184.6
1847,2023-05-02,2025,May,Q2,Celebrations Box,Premium,International,Modern Trade,228,250,68087.86,41040,21939.26,0.04,54720
1848,2023-05-10,2023,May,Q2,Oreo,Mid-range,International,Modern Trade,1816,40,77807.52,50848,19731.52,0.06,68281.6
1849,2023-05-03,2023,May,Q2,Fuse,Value,International,Institutional,1067,35,38891.06,25608,9051.34,0.11,33237.05
1850,2023-05-03,2024,May,Q2,Caramel,Mid-range,International,General Trade,768,55,49744.43,29184,16572.3,0.01,41817.6
1851,2023-06-11,2025,Jun,Q2,Dairy Milk,Mid-range,North India,General Trade,1854,45,119751.56,64890,23378.3,0.02,81761.4
1852,2023-06-27,2024,Jun,Q2,Dairy Milk Silk,Premium,North India,Institutional,1401,75,171493.86,72852,35741.46,0.1,94567.5
1853,2023-06-24,2024,Jun,Q2,5 Star,Value,North India,Modern Trade,835,30,18945.53,18370,4527.58,0.1,22545
1854,2023-06-14,2025,Jun,Q2,Perk,Value,North India,General Trade,318,25,6449.93,5724,1196.67,0.04,7632
1855,2023-06-02,2025,Jun,Q2,Bournville,Premium,North India,Modern Trade,1128,90,109054.34,73320,26538.95,0.09,92383.2
1856,2023-06-24,2025,Jun,Q2,Gems,Value,North India,E-Commerce,1564,20,34442.67,21896,6802.89,0.11,27839.2
1857,2023-06-05,2024,Jun,Q2,Celebrations Box,Premium,North India,General Trade,444,250,121490.15,79920,32617.02,0,111000
1858,2023-06-12,2023,Jun,Q2,Oreo,Mid-range,North India,Modern Trade,535,40,23458.83,14980,7451.75,0.07,19902
1859,2023-06-24,2023,Jun,Q2,Fuse,Value,North India,E-Commerce,541,35,18081.58,12984,4589.68,0.06,17798.9
1860,2023-06-25,2024,Jun,Q2,Caramel,Mid-range,North India,E-Commerce,1701,55,111087.66,64638,38797.38,0.13,81392.85
1861,2023-06-09,2024,Jun,Q2,Dairy Milk,Mid-range,South India,Modern Trade,886,45,65128.53,31010,19893.33,0.12,35085.6
1862,2023-06-19,2023,Jun,Q2,Dairy Milk Silk,Premium,South India,Modern Trade,738,75,88101.62,38376,19113.82,0.11,49261.5
1863,2023-06-12,2025,Jun,Q2,5 Star,Value,South India,Modern Trade,1216,30,32030.57,26752,10442.22,0.07,33926.4
1864,2023-06-06,2023,Jun,Q2,Perk,Value,South India,Modern Trade,1223,25,20740.69,22014,5148.99,0.13,26600.25
1865,2023-06-04,2023,Jun,Q2,Bournville,Premium,South India,E-Commerce,522,90,46367.07,33930,10107.4,0.04,45100.8
1866,2023-06-01,2025,Jun,Q2,Gems,Value,South India,Modern Trade,667,20,13991.86,9338,2932.94,0.11,11872.6
1867,2023-06-08,2025,Jun,Q2,Celebrations Box,Premium,South India,Modern Trade,1958,250,558927.31,352440,153903.71,0.13,425865
1868,2023-06-05,2023,Jun,Q2,Oreo,Mid-range,South India,Modern Trade,1166,40,40552.23,32648,7848.32,0.05,44308
1869,2023-06-26,2024,Jun,Q2,Fuse,Value,South India,General Trade,1956,35,77676.42,46944,14141.59,0.01,67775.4
1870,2023-06-14,2025,Jun,Q2,Caramel,Mid-range,South India,Institutional,659,55,32846.44,25042,9200.17,0.05,34432.75
1871,2023-06-19,2023,Jun,Q2,Dairy Milk,Mid-range,West India,E-Commerce,755,45,49640.85,26425,16834.4,0.12,29898
1872,2023-06-02,2025,Jun,Q2,Dairy Milk Silk,Premium,West India,E-Commerce,444,75,42407.99,23088,8655.3,0.08,30636
1873,2023-06-02,2024,Jun,Q2,5 Star,Value,West India,General Trade,657,30,16386.82,14454,4959.2,0.12,17344.8
1874,2023-06-28,2023,Jun,Q2,Perk,Value,West India,Institutional,341,25,7456.82,6138,1428.19,0.13,7416.75
1875,2023-06-11,2024,Jun,Q2,Bournville,Premium,West India,E-Commerce,1784,90,171467.82,115960,52877.22,0.13,139687.2
1876,2023-06-12,2023,Jun,Q2,Gems,Value,West India,Modern Trade,1332,20,24748.55,18648,6254.11,0.07,24775.2
1877,2023-06-10,2024,Jun,Q2,Celebrations Box,Premium,West India,General Trade,797,250,178701.42,143460,34570.62,0.08,183310
1878,2023-06-16,2023,Jun,Q2,Oreo,Mid-range,West India,General Trade,1150,40,48436.78,32200,12644.62,0.06,43240
1879,2023-06-25,2024,Jun,Q2,Fuse,Value,West India,General Trade,1700,35,56184.36,40800,17898.23,0.14,51170
1880,2023-06-14,2025,Jun,Q2,Caramel,Mid-range,West India,General Trade,508,55,31185.96,19304,9924.35,0,27940
1881,2023-06-21,2023,Jun,Q2,Dairy Milk,Mid-range,East India,Modern Trade,677,45,39309.53,23695,7102.34,0.08,28027.8
1882,2023-06-22,2025,Jun,Q2,Dairy Milk Silk,Premium,East India,Modern Trade,886,75,112186.98,46072,35094.62,0,66450
1883,2023-06-10,2023,Jun,Q2,5 Star,Value,East India,Institutional,1938,30,45344.39,42636,14754.4,0.11,51744.6
1884,2023-06-08,2023,Jun,Q2,Perk,Value,East India,Modern Trade,620,25,11756.9,11160,2216.4,0.08,14260
1885,2023-06-05,2023,Jun,Q2,Bournville,Premium,East India,Institutional,1207,90,117698.87,78455,24674.23,0.14,93421.8
1886,2023-06-08,2025,Jun,Q2,Gems,Value,East India,E-Commerce,390,20,8248.45,5460,2568.83,0.01,7722
1887,2023-06-15,2023,Jun,Q2,Celebrations Box,Premium,East India,Institutional,1635,250,482571.95,294300,141181.52,0.13,355612.5
1888,2023-06-05,2025,Jun,Q2,Oreo,Mid-range,East India,Modern Trade,1389,40,62436.73,38892,20087.49,0.01,55004.4
1889,2023-06-02,2023,Jun,Q2,Fuse,Value,East India,Institutional,353,35,12728.48,8472,4202.6,0.09,11243.05
1890,2023-06-08,2024,Jun,Q2,Caramel,Mid-range,East India,Institutional,1556,55,74904.58,59128,14728.28,0.14,73598.8
1891,2023-06-26,2024,Jun,Q2,Dairy Milk,Mid-range,International,E-Commerce,734,45,47062.23,25690,12588.16,0.13,28736.1
1892,2023-06-11,2024,Jun,Q2,Dairy Milk Silk,Premium,International,Institutional,1635,75,164107.98,85020,30759.27,0.12,107910
1893,2023-06-03,2024,Jun,Q2,5 Star,Value,International,E-Commerce,1127,30,26792.8,24794,6664.7,0.04,32457.6
1894,2023-06-19,2025,Jun,Q2,Perk,Value,International,General Trade,478,25,7936.13,8604,2688.7,0.12,10516
1895,2023-06-15,2023,Jun,Q2,Bournville,Premium,International,Modern Trade,518,90,48362.02,33670,15707.39,0.02,45687.6
1896,2023-06-18,2024,Jun,Q2,Gems,Value,International,Institutional,843,20,19066.66,11802,6516.3,0.06,15848.4
1897,2023-06-10,2025,Jun,Q2,Celebrations Box,Premium,International,E-Commerce,1777,250,486990.69,319860,164530.03,0.03,430922.5
1898,2023-06-03,2025,Jun,Q2,Oreo,Mid-range,International,Institutional,742,40,31203.79,20776,6414.65,0.13,25821.6
1899,2023-06-27,2023,Jun,Q2,Fuse,Value,International,General Trade,1853,35,56628.14,44472,11626.69,0.1,58369.5
1900,2023-06-11,2025,Jun,Q2,Caramel,Mid-range,International,Modern Trade,640,55,40387.51,24320,11729.16,0.13,30624
1901,2023-07-12,2025,Jul,Q3,Dairy Milk,Mid-range,North India,General Trade,386,45,23461.14,13510,6228.74,0.11,15459.3
1902,2023-07-10,2023,Jul,Q3,Dairy Milk Silk,Premium,North India,Institutional,1251,75,117819.99,65052,34094.16,0.01,92886.75
1903,2023-07-01,2025,Jul,Q3,5 Star,Value,North India,E-Commerce,1879,30,50689.24,41338,9456.01,0.15,47914.5
1904,2023-07-24,2023,Jul,Q3,Perk,Value,North India,Institutional,1950,25,36946.04,35100,8858.36,0.07,45337.5
1905,2023-07-26,2025,Jul,Q3,Bournville,Premium,North India,General Trade,393,90,35561.46,25545,9491.52,0.07,32894.1
1906,2023-07-27,2023,Jul,Q3,Gems,Value,North India,General Trade,448,20,8772.61,6272,2459.24,0,8960
1907,2023-07-13,2023,Jul,Q3,Celebrations Box,Premium,North India,General Trade,467,250,139350.07,84060,36707.37,0.03,113247.5
1908,2023-07-21,2025,Jul,Q3,Oreo,Mid-range,North India,E-Commerce,1605,40,74160.78,44940,25877.14,0.09,58422
1909,2023-07-27,2023,Jul,Q3,Fuse,Value,North India,Modern Trade,1392,35,56418.3,33408,12881.4,0.09,44335.2
1910,2023-07-07,2025,Jul,Q3,Caramel,Mid-range,North India,Modern Trade,244,55,12912.39,9272,2783.84,0.15,11407
1911,2023-07-28,2025,Jul,Q3,Dairy Milk,Mid-range,South India,Institutional,1857,45,129198.89,64995,30360.02,0.02,81893.7
1912,2023-07-15,2023,Jul,Q3,Dairy Milk Silk,Premium,South India,E-Commerce,450,75,44101.25,23400,14791.77,0.01,33412.5
1913,2023-07-14,2025,Jul,Q3,5 Star,Value,South India,Modern Trade,544,30,12812.2,11968,4453.97,0.14,14035.2
1914,2023-07-22,2025,Jul,Q3,Perk,Value,South India,Institutional,1216,25,26454.71,21888,6292.39,0,30400
1915,2023-07-06,2024,Jul,Q3,Bournville,Premium,South India,Institutional,553,90,62410.45,35945,20125.24,0.05,47281.5
1916,2023-07-05,2023,Jul,Q3,Gems,Value,South India,E-Commerce,773,20,14140.11,10822,4824.33,0.07,14377.8
1917,2023-07-08,2025,Jul,Q3,Celebrations Box,Premium,South India,Modern Trade,1457,250,352361.31,262260,111837,0.09,331467.5
1918,2023-07-18,2023,Jul,Q3,Oreo,Mid-range,South India,E-Commerce,1221,40,49264.18,34188,12072.67,0.06,45909.6
1919,2023-07-13,2024,Jul,Q3,Fuse,Value,South India,Institutional,324,35,9939.33,7776,2374.63,0.01,11226.6
1920,2023-07-26,2024,Jul,Q3,Caramel,Mid-range,South India,General Trade,1058,55,49638.53,40204,9679.32,0.03,56444.3
1921,2023-07-18,2024,Jul,Q3,Dairy Milk,Mid-range,West India,General Trade,1491,45,105020.77,52185,27527,0.15,57030.75
1922,2023-07-12,2024,Jul,Q3,Dairy Milk Silk,Premium,West India,Modern Trade,983,75,120514.03,51116,32070.92,0.12,64878
1923,2023-07-12,2023,Jul,Q3,5 Star,Value,West India,Institutional,1315,30,25624.08,28930,5643.66,0.12,34716
1924,2023-07-01,2025,Jul,Q3,Perk,Value,West India,E-Commerce,995,25,22032.74,17910,4390.53,0.04,23880
1925,2023-07-26,2023,Jul,Q3,Bournville,Premium,West India,E-Commerce,1422,90,139772.01,92430,37460.86,0.03,124140.6
1926,2023-07-16,2025,Jul,Q3,Gems,Value,West India,E-Commerce,319,20,6570.78,4466,2197.32,0.12,5614.4
1927,2023-07-08,2023,Jul,Q3,Celebrations Box,Premium,West India,E-Commerce,1770,250,423554.14,318600,144598.94,0.09,402675
1928,2023-07-08,2024,Jul,Q3,Oreo,Mid-range,West India,General Trade,405,40,17511.97,11340,4999.86,0.04,15552
1929,2023-07-24,2025,Jul,Q3,Fuse,Value,West India,E-Commerce,1292,35,39591.81,31008,11844.1,0.12,39793.6
1930,2023-07-08,2023,Jul,Q3,Caramel,Mid-range,West India,Modern Trade,1764,55,107580.23,67032,34198.46,0.15,82467
1931,2023-07-28,2024,Jul,Q3,Dairy Milk,Mid-range,East India,Institutional,926,45,53011.04,32410,13839.23,0.14,35836.2
1932,2023-07-11,2024,Jul,Q3,Dairy Milk Silk,Premium,East India,General Trade,560,75,63188.09,29120,18060.15,0.04,40320
1933,2023-07-23,2023,Jul,Q3,5 Star,Value,East India,E-Commerce,1411,30,27260.17,31042,8633.01,0,42330
1934,2023-07-19,2023,Jul,Q3,Perk,Value,East India,E-Commerce,1362,25,26699.2,24516,7622.56,0.08,31326
1935,2023-07-16,2023,Jul,Q3,Bournville,Premium,East India,General Trade,1913,90,174408.54,124345,53522.68,0.15,146344.5
1936,2023-07-03,2024,Jul,Q3,Gems,Value,East India,E-Commerce,559,20,12773.5,7826,4410.06,0.07,10397.4
1937,2023-07-01,2024,Jul,Q3,Celebrations Box,Premium,East India,Modern Trade,676,250,198035.41,121680,63322.22,0.09,153790
1938,2023-07-20,2023,Jul,Q3,Oreo,Mid-range,East India,Institutional,201,40,8773.46,5628,1619.18,0.05,7638
1939,2023-07-23,2023,Jul,Q3,Fuse,Value,East India,General Trade,1851,35,71269.09,44424,17776.64,0.02,63489.3
1940,2023-07-11,2024,Jul,Q3,Caramel,Mid-range,East India,General Trade,1843,55,120959.55,70034,41509.17,0.13,88187.55
1941,2023-07-23,2024,Jul,Q3,Dairy Milk,Mid-range,International,Modern Trade,244,45,14268.97,8540,4318.21,0.02,10760.4
1942,2023-07-17,2023,Jul,Q3,Dairy Milk Silk,Premium,International,General Trade,1785,75,176018.85,92820,47263.97,0.02,131197.5
1943,2023-07-22,2024,Jul,Q3,5 Star,Value,International,E-Commerce,348,30,7692.82,7656,2506.77,0.06,9813.6
1944,2023-07-10,2023,Jul,Q3,Perk,Value,International,Institutional,1400,25,30203.06,25200,7431.03,0.02,34300
1945,2023-07-24,2024,Jul,Q3,Bournville,Premium,International,E-Commerce,479,90,57679.44,31135,17603.44,0.15,36643.5
1946,2023-07-16,2023,Jul,Q3,Gems,Value,International,Institutional,1821,20,43079.63,25494,9622.13,0.1,32778
1947,2023-07-18,2025,Jul,Q3,Celebrations Box,Premium,International,E-Commerce,556,250,163221.61,100080,51661.31,0.11,123710
1948,2023-07-27,2025,Jul,Q3,Oreo,Mid-range,International,E-Commerce,657,40,29890.11,18396,7522.69,0.1,23652
1949,2023-07-23,2024,Jul,Q3,Fuse,Value,International,General Trade,974,35,32854.72,23376,6676.85,0.05,32385.5
1950,2023-07-01,2024,Jul,Q3,Caramel,Mid-range,International,E-Commerce,460,55,24949.95,17480,8678.71,0.03,24541
1951,2023-08-19,2023,Aug,Q3,Dairy Milk,Mid-range,North India,Institutional,1942,45,110742.93,67970,22332.38,0.15,74281.5
1952,2023-08-26,2025,Aug,Q3,Dairy Milk Silk,Premium,North India,Modern Trade,572,75,66284.15,29744,13740.68,0.09,39039
1953,2023-08-16,2024,Aug,Q3,5 Star,Value,North India,General Trade,1509,30,37849.49,33198,7425.98,0.08,41648.4
1954,2023-08-08,2025,Aug,Q3,Perk,Value,North India,General Trade,878,25,15066.87,15804,3494.12,0.11,19535.5
1955,2023-08-03,2024,Aug,Q3,Bournville,Premium,North India,E-Commerce,854,90,103028.24,55510,28406.99,0.03,74554.2
1956,2023-08-07,2024,Aug,Q3,Gems,Value,North India,E-Commerce,1114,20,19434.01,15596,5281.91,0,22280
1957,2023-08-09,2023,Aug,Q3,Celebrations Box,Premium,North India,General Trade,1619,250,382590.33,291420,124424.92,0.01,400702.5
1958,2023-08-13,2025,Aug,Q3,Oreo,Mid-range,North India,Modern Trade,1675,40,63814.38,46900,20879.08,0,67000
1959,2023-08-06,2025,Aug,Q3,Fuse,Value,North India,Institutional,1700,35,61364.83,40800,17571.91,0.06,55930
1960,2023-08-12,2023,Aug,Q3,Caramel,Mid-range,North India,Institutional,1209,55,71980.83,45942,15639.34,0.13,57850.65
1961,2023-08-26,2023,Aug,Q3,Dairy Milk,Mid-range,South India,Institutional,407,45,27268.66,14245,6149.08,0.12,16117.2
1962,2023-08-26,2025,Aug,Q3,Dairy Milk Silk,Premium,South India,General Trade,533,75,56593.46,27716,15341.74,0.07,37176.75
1963,2023-08-09,2025,Aug,Q3,5 Star,Value,South India,Modern Trade,803,30,19243.41,17666,3864.82,0,24090
1964,2023-08-13,2023,Aug,Q3,Perk,Value,South India,Modern Trade,351,25,7859.11,6318,1803.34,0.05,8336.25
1965,2023-08-03,2025,Aug,Q3,Bournville,Premium,South India,General Trade,1699,90,170039.78,110435,33866.96,0.01,151380.9
1966,2023-08-16,2023,Aug,Q3,Gems,Value,South India,E-Commerce,1416,20,31169.08,19824,6055.6,0.15,24072
1967,2023-08-06,2024,Aug,Q3,Celebrations Box,Premium,South India,Modern Trade,1083,250,263448.69,194940,76356.19,0.14,232845
1968,2023-08-11,2024,Aug,Q3,Oreo,Mid-range,South India,Institutional,521,40,22296.56,14588,5054.29,0.01,20631.6
1969,2023-08-18,2025,Aug,Q3,Fuse,Value,South India,General Trade,589,35,18936.96,14136,4678.26,0.06,19378.1
1970,2023-08-08,2023,Aug,Q3,Caramel,Mid-range,South India,E-Commerce,1552,55,101829.42,58976,23899.68,0.04,81945.6
1971,2023-08-18,2023,Aug,Q3,Dairy Milk,Mid-range,West India,Modern Trade,301,45,19126.45,10535,5780.33,0.06,12732.3
1972,2023-08-01,2023,Aug,Q3,Dairy Milk Silk,Premium,West India,Institutional,514,75,62279.73,26728,15011.72,0.01,38164.5
1973,2023-08-22,2025,Aug,Q3,5 Star,Value,West India,Institutional,379,30,8781.97,8338,3024.49,0.04,10915.2
1974,2023-08-07,2024,Aug,Q3,Perk,Value,West India,Institutional,608,25,9871.64,10944,2978.75,0.01,15048
1975,2023-08-03,2024,Aug,Q3,Bournville,Premium,West India,General Trade,1507,90,147646.48,97955,37947.07,0.04,130204.8
1976,2023-08-26,2025,Aug,Q3,Gems,Value,West India,Institutional,1928,20,43277.67,26992,8279.51,0.02,37788.8
1977,2023-08-22,2024,Aug,Q3,Celebrations Box,Premium,West India,Institutional,1164,250,316486.98,209520,79832.19,0.07,270630
1978,2023-08-13,2024,Aug,Q3,Oreo,Mid-range,West India,E-Commerce,386,40,15933.48,10808,2958.55,0.1,13896
1979,2023-08-12,2023,Aug,Q3,Fuse,Value,West India,General Trade,959,35,30853.23,23016,8877.5,0.13,29201.55
1980,2023-08-15,2023,Aug,Q3,Caramel,Mid-range,West India,General Trade,1112,55,67856.5,42256,17768.97,0.01,60548.4
1981,2023-08-09,2023,Aug,Q3,Dairy Milk,Mid-range,East India,Institutional,739,45,44380.93,25865,11529.94,0.03,32257.35
1982,2023-08-22,2024,Aug,Q3,Dairy Milk Silk,Premium,East India,Modern Trade,509,75,61954.1,26468,18407.84,0.11,33975.75
1983,2023-08-26,2025,Aug,Q3,5 Star,Value,East India,Modern Trade,375,30,7285.15,8250,2167.75,0.1,10125
1984,2023-08-18,2025,Aug,Q3,Perk,Value,East India,Institutional,1749,25,35463.71,31482,10519.77,0.09,39789.75
1985,2023-08-17,2023,Aug,Q3,Bournville,Premium,East India,Modern Trade,1921,90,227881.56,124865,67385.98,0.06,162516.6
1986,2023-08-16,2023,Aug,Q3,Gems,Value,East India,Institutional,1296,20,26913.91,18144,7551.93,0.1,23328
1987,2023-08-13,2024,Aug,Q3,Celebrations Box,Premium,East India,General Trade,1175,250,332489.71,211500,63073.72,0.04,282000
1988,2023-08-17,2023,Aug,Q3,Oreo,Mid-range,East India,Modern Trade,1228,40,45893.19,34384,13084.94,0.09,44699.2
1989,2023-08-15,2025,Aug,Q3,Fuse,Value,East India,General Trade,446,35,14394.66,10704,3479.28,0.14,13424.6
1990,2023-08-26,2023,Aug,Q3,Caramel,Mid-range,East India,General Trade,542,55,35210.79,20596,9532.6,0.15,25338.5
1991,2023-08-03,2024,Aug,Q3,Dairy Milk,Mid-range,International,General Trade,458,45,30262.05,16030,7532.33,0.01,20403.9
1992,2023-08-21,2025,Aug,Q3,Dairy Milk Silk,Premium,International,Institutional,613,75,57475.22,31876,13683.75,0.15,39078.75
1993,2023-08-11,2024,Aug,Q3,5 Star,Value,International,General Trade,1908,30,45619.22,41976,14593.35,0.09,52088.4
1994,2023-08-13,2024,Aug,Q3,Perk,Value,International,Modern Trade,378,25,7023.93,6804,1701.77,0.06,8883
1995,2023-08-15,2024,Aug,Q3,Bournville,Premium,International,E-Commerce,1954,90,220146.1,127010,57274.6,0.04,168825.6
1996,2023-08-19,2025,Aug,Q3,Gems,Value,International,Modern Trade,1810,20,38806.42,25340,8535.07,0.11,32218
1997,2023-08-05,2024,Aug,Q3,Celebrations Box,Premium,International,Institutional,430,250,111499.04,77400,21568.16,0.06,101050
1998,2023-08-04,2023,Aug,Q3,Oreo,Mid-range,International,Modern Trade,416,40,16553.98,11648,3228.29,0.08,15308.8
1999,2023-08-12,2023,Aug,Q3,Fuse,Value,International,E-Commerce,1976,35,66064.77,47424,18300.29,0.08,63627.2
2000,2023-08-16,2023,Aug,Q3,Caramel,Mid-range,International,Institutional,740,55,44650.68,28120,11795.24,0.06,38258
2001,2023-09-13,2023,Sep,Q3,Dairy Milk,Mid-range,North India,Institutional,276,45,18964.3,9660,4448.55,0.03,12047.4
2002,2023-09-23,2024,Sep,Q3,Dairy Milk Silk,Premium,North India,General Trade,1466,75,176107.19,76232,53863.39,0.09,100054.5
2003,2023-09-11,2023,Sep,Q3,5 Star,Value,North India,Institutional,279,30,6179.86,6138,1434.09,0.06,7867.8
2004,2023-09-09,2023,Sep,Q3,Perk,Value,North India,General Trade,300,25,5050.05,5400,1520.69,0.11,6675
2005,2023-09-26,2025,Sep,Q3,Bournville,Premium,North India,E-Commerce,241,90,23103.15,15665,4859.94,0.05,20605.5
2006,2023-09-16,2025,Sep,Q3,Gems,Value,North India,E-Commerce,836,20,18268.78,11704,4928.95,0.04,16051.2
2007,2023-09-10,2024,Sep,Q3,Celebrations Box,Premium,North India,Modern Trade,1979,250,496673.93,356220,173005.69,0.03,479907.5
2008,2023-09-09,2024,Sep,Q3,Oreo,Mid-range,North India,Institutional,1785,40,85586.35,49980,26722.2,0.12,62832
2009,2023-09-07,2025,Sep,Q3,Fuse,Value,North India,Institutional,1438,35,59507.85,34512,20221.86,0.1,45297
2010,2023-09-14,2025,Sep,Q3,Caramel,Mid-range,North India,Institutional,632,55,39532.59,24016,8906.34,0.14,29893.6
2011,2023-09-12,2023,Sep,Q3,Dairy Milk,Mid-range,South India,Institutional,1755,45,100582.77,61425,22200.05,0.08,72657
2012,2023-09-03,2024,Sep,Q3,Dairy Milk Silk,Premium,South India,Modern Trade,1255,75,139914.35,65260,39127.84,0.12,82830
2013,2023-09-05,2023,Sep,Q3,5 Star,Value,South India,E-Commerce,1653,30,42402.37,36366,13028.69,0.08,45622.8
2014,2023-09-27,2025,Sep,Q3,Perk,Value,South India,Modern Trade,555,25,8872.36,9990,1894.12,0.03,13458.75
2015,2023-09-02,2025,Sep,Q3,Bournville,Premium,South India,General Trade,1914,90,196778.91,124410,45875.95,0.01,170537.4
2016,2023-09-23,2024,Sep,Q3,Gems,Value,South India,Institutional,303,20,6725.36,4242,1320.22,0.14,5211.6
2017,2023-09-15,2024,Sep,Q3,Celebrations Box,Premium,South India,General Trade,761,250,188375.82,136980,38619,0.06,178835
2018,2023-09-22,2023,Sep,Q3,Oreo,Mid-range,South India,Institutional,1501,40,67028.22,42028,12674.42,0.14,51634.4
2019,2023-09-20,2023,Sep,Q3,Fuse,Value,South India,Modern Trade,695,35,23728.99,16680,5425.4,0.06,22865.5
2020,2023-09-16,2023,Sep,Q3,Caramel,Mid-range,South India,Institutional,563,55,35978.79,21394,6643.85,0.14,26629.9
2021,2023-09-09,2024,Sep,Q3,Dairy Milk,Mid-range,West India,E-Commerce,905,45,61444.79,31675,17875.63,0.02,39910.5
2022,2023-09-02,2023,Sep,Q3,Dairy Milk Silk,Premium,West India,Modern Trade,783,75,76747.59,40716,14468.72,0,58725
2023,2023-09-07,2025,Sep,Q3,5 Star,Value,West India,General Trade,1948,30,50750.85,42856,9863.91,0.09,53180.4
2024,2023-09-07,2024,Sep,Q3,Perk,Value,West India,General Trade,1525,25,32892.46,27450,7882.1,0.03,36981.25
2025,2023-09-01,2025,Sep,Q3,Bournville,Premium,West India,E-Commerce,1534,90,190296.72,99710,54323.45,0.06,129776.4
2026,2023-09-21,2025,Sep,Q3,Gems,Value,West India,Modern Trade,1170,20,24284.96,16380,5630.32,0.14,20124
2027,2023-09-08,2025,Sep,Q3,Celebrations Box,Premium,West India,General Trade,1431,250,317164.13,257580,87419.48,0.12,314820
2028,2023-09-10,2025,Sep,Q3,Oreo,Mid-range,West India,E-Commerce,1445,40,51613.01,40460,12626.26,0.12,50864
2029,2023-09-28,2024,Sep,Q3,Fuse,Value,West India,E-Commerce,1067,35,33250.37,25608,7092.7,0.13,32490.15
2030,2023-09-15,2023,Sep,Q3,Caramel,Mid-range,West India,E-Commerce,1140,55,60282.64,43320,12686.04,0.04,60192
2031,2023-09-20,2025,Sep,Q3,Dairy Milk,Mid-range,East India,E-Commerce,1586,45,115420.88,55510,20985.9,0.08,65660.4
2032,2023-09-17,2024,Sep,Q3,Dairy Milk Silk,Premium,East India,Institutional,1397,75,167150.12,72644,52374.38,0.02,102679.5
2033,2023-09-20,2025,Sep,Q3,5 Star,Value,East India,E-Commerce,1349,30,33645.05,29678,6832.88,0.1,36423
2034,2023-09-16,2025,Sep,Q3,Perk,Value,East India,E-Commerce,811,25,13095.61,14598,3534.56,0.1,18247.5
2035,2023-09-21,2025,Sep,Q3,Bournville,Premium,East India,Modern Trade,888,90,82859.52,57720,17350.42,0.15,67932
2036,2023-09-21,2025,Sep,Q3,Gems,Value,East India,E-Commerce,1964,20,34151.01,27496,10587.78,0.04,37708.8
2037,2023-09-25,2024,Sep,Q3,Celebrations Box,Premium,East India,E-Commerce,585,250,149370.79,105300,47494.65,0.02,143325
2038,2023-09-26,2024,Sep,Q3,Oreo,Mid-range,East India,General Trade,316,40,12685.69,8848,3466.8,0.12,11123.2
2039,2023-09-05,2025,Sep,Q3,Fuse,Value,East India,Institutional,1552,35,54626.46,37248,16854.21,0.05,51604
2040,2023-09-10,2024,Sep,Q3,Caramel,Mid-range,East India,Modern Trade,1542,55,86482.44,58596,19971.48,0.07,78873.3
2041,2023-09-24,2024,Sep,Q3,Dairy Milk,Mid-range,International,E-Commerce,1057,45,65699.09,36995,12383.88,0.06,44711.1
2042,2023-09-19,2024,Sep,Q3,Dairy Milk Silk,Premium,International,Modern Trade,1394,75,133268.06,72488,38920.24,0.11,93049.5
2043,2023-09-08,2023,Sep,Q3,5 Star,Value,International,General Trade,902,30,23958.31,19844,4563.25,0.11,24083.4
2044,2023-09-10,2023,Sep,Q3,Perk,Value,International,Institutional,1575,25,30451.79,28350,6613.47,0.05,37406.25
2045,2023-09-18,2025,Sep,Q3,Bournville,Premium,International,General Trade,1921,90,226204.38,124865,78132.9,0.1,155601
2046,2023-09-05,2023,Sep,Q3,Gems,Value,International,General Trade,801,20,14803.33,11214,4014.34,0.01,15859.8
2047,2023-09-25,2024,Sep,Q3,Celebrations Box,Premium,International,E-Commerce,1685,250,366827.66,303300,119386.62,0.12,370700
2048,2023-09-21,2023,Sep,Q3,Oreo,Mid-range,International,General Trade,1592,40,58692.22,44576,18484.63,0.13,55401.6
2049,2023-09-24,2024,Sep,Q3,Fuse,Value,International,Modern Trade,655,35,20495.83,15720,3878.98,0.05,21778.75
2050,2023-09-11,2025,Sep,Q3,Caramel,Mid-range,International,E-Commerce,1061,55,65585.43,40318,12014.89,0.12,51352.4
2051,2023-10-15,2023,Oct,Q4,Dairy Milk,Mid-range,North India,E-Commerce,1026,45,71790,35910,16342.49,0.09,42014.7
2052,2023-10-21,2023,Oct,Q4,Dairy Milk Silk,Premium,North India,Modern Trade,1628,75,196299.21,84656,37963.84,0.01,120879
2053,2023-10-17,2023,Oct,Q4,5 Star,Value,North India,Modern Trade,1633,30,39799.12,35926,11311.73,0.13,42621.3
2054,2023-10-17,2023,Oct,Q4,Perk,Value,North India,Modern Trade,2766,25,54756.41,49788,13745.62,0.1,62235
2055,2023-10-28,2023,Oct,Q4,Bournville,Premium,North India,E-Commerce,1464,90,164597.86,95160,36159.43,0.01,130442.4
2056,2023-10-11,2025,Oct,Q4,Gems,Value,North India,General Trade,673,20,13226.12,9422,4230.99,0.15,11441
2057,2023-10-15,2023,Oct,Q4,Celebrations Box,Premium,North India,Institutional,1912,250,416291.47,344160,141392.38,0.13,415860
2058,2023-10-06,2025,Oct,Q4,Oreo,Mid-range,North India,General Trade,1185,40,43067.54,33180,8895.09,0.13,41238
2059,2023-10-06,2024,Oct,Q4,Fuse,Value,North India,Modern Trade,1677,35,59981,40248,16557.27,0.05,55760.25
2060,2023-10-15,2023,Oct,Q4,Caramel,Mid-range,North India,E-Commerce,2098,55,124051.1,79724,24196.94,0.01,114236.1
2061,2023-10-06,2024,Oct,Q4,Dairy Milk,Mid-range,South India,E-Commerce,879,45,59625.1,30765,17691.62,0.11,35203.95
2062,2023-10-25,2024,Oct,Q4,Dairy Milk Silk,Premium,South India,General Trade,1682,75,166846.94,87464,32205.71,0.12,111012
2063,2023-10-21,2025,Oct,Q4,5 Star,Value,South India,Modern Trade,651,30,14745.34,14322,3835.54,0.09,17772.3
2064,2023-10-16,2023,Oct,Q4,Perk,Value,South India,Institutional,1436,25,28927.98,25848,6447.54,0.06,33746
2065,2023-10-07,2024,Oct,Q4,Bournville,Premium,South India,Institutional,292,90,28631.93,18980,9386.73,0.01,26017.2
2066,2023-10-25,2025,Oct,Q4,Gems,Value,South India,E-Commerce,319,20,5556.29,4466,1082.72,0.13,5550.6
2067,2023-10-21,2025,Oct,Q4,Celebrations Box,Premium,South India,General Trade,330,250,87430.01,59400,18761.35,0.1,74250
2068,2023-10-12,2025,Oct,Q4,Oreo,Mid-range,South India,General Trade,928,40,38928.36,25984,13004.9,0.1,33408
2069,2023-10-17,2025,Oct,Q4,Fuse,Value,South India,E-Commerce,649,35,25918.75,15576,6153.45,0.02,22260.7
2070,2023-10-02,2023,Oct,Q4,Caramel,Mid-range,South India,E-Commerce,758,55,37700.71,28804,11802.99,0.01,41273.1
2071,2023-10-17,2023,Oct,Q4,Dairy Milk,Mid-range,West India,E-Commerce,1113,45,75363.2,38955,13936.23,0.07,46579.05
2072,2023-10-05,2023,Oct,Q4,Dairy Milk Silk,Premium,West India,E-Commerce,1523,75,145484.14,79196,47846.79,0.13,99375.75
2073,2023-10-07,2023,Oct,Q4,5 Star,Value,West India,E-Commerce,1684,30,41313.84,37048,12870.24,0.05,47994
2074,2023-10-08,2024,Oct,Q4,Perk,Value,West India,General Trade,2606,25,55002.95,46908,18673.39,0.06,61241
2075,2023-10-07,2025,Oct,Q4,Bournville,Premium,West India,General Trade,2364,90,273178.06,153660,89832.21,0.15,180846
2076,2023-10-04,2024,Oct,Q4,Gems,Value,West India,Modern Trade,1969,20,43447.07,27566,15025.09,0.08,36229.6
2077,2023-10-02,2023,Oct,Q4,Celebrations Box,Premium,West India,E-Commerce,2318,250,569938.69,417240,187928.08,0.1,521550
2078,2023-10-25,2023,Oct,Q4,Oreo,Mid-range,West India,Institutional,2793,40,116815.32,78204,35417.96,0.1,100548
2079,2023-10-22,2024,Oct,Q4,Fuse,Value,West India,Modern Trade,1982,35,70698.34,47568,24516.47,0.15,58964.5
2080,2023-10-02,2025,Oct,Q4,Caramel,Mid-range,West India,Modern Trade,2153,55,118168.96,81814,31725.12,0.13,103021.05
2081,2023-10-04,2023,Oct,Q4,Dairy Milk,Mid-range,East India,Modern Trade,1474,45,93448.19,51590,20103.01,0.07,61686.9
2082,2023-10-07,2024,Oct,Q4,Dairy Milk Silk,Premium,East India,E-Commerce,1639,75,184727.45,85228,42504.68,0.11,109403.25
2083,2023-10-04,2023,Oct,Q4,5 Star,Value,East India,Modern Trade,1142,30,25983.99,25124,4809.2,0.06,32204.4
2084,2023-10-05,2025,Oct,Q4,Perk,Value,East India,E-Commerce,2065,25,34987.63,37170,11072.41,0.09,46978.75
2085,2023-10-17,2024,Oct,Q4,Bournville,Premium,East India,Institutional,2661,90,281376.05,172965,91035.67,0.13,208356.3
2086,2023-10-04,2025,Oct,Q4,Gems,Value,East India,Modern Trade,1089,20,24925.89,15246,5427.42,0.02,21344.4
2087,2023-10-25,2024,Oct,Q4,Celebrations Box,Premium,East India,Institutional,848,250,242447.61,152640,45887.2,0.09,192920
2088,2023-10-07,2023,Oct,Q4,Oreo,Mid-range,East India,E-Commerce,2662,40,102141.35,74536,21199.62,0.08,97961.6
2089,2023-10-06,2023,Oct,Q4,Fuse,Value,East India,E-Commerce,2296,35,85117.1,55104,19019.47,0.06,75538.4
2090,2023-10-07,2023,Oct,Q4,Caramel,Mid-range,East India,Modern Trade,1850,55,107821.62,70300,37139.08,0.07,94627.5
2091,2023-10-01,2023,Oct,Q4,Dairy Milk,Mid-range,International,Institutional,1227,45,68341.89,42945,14390.34,0.04,53006.4
2092,2023-10-22,2023,Oct,Q4,Dairy Milk Silk,Premium,International,Modern Trade,596,75,70434.61,30992,15137.34,0.13,38889
2093,2023-10-25,2023,Oct,Q4,5 Star,Value,International,Institutional,707,30,18362.97,15554,5655.46,0.14,18240.6
2094,2023-10-09,2023,Oct,Q4,Perk,Value,International,Modern Trade,2353,25,43250.76,42354,9907.3,0.11,52354.25
2095,2023-10-10,2025,Oct,Q4,Bournville,Premium,International,General Trade,1589,90,179020.9,103285,38585.02,0.15,121558.5
2096,2023-10-27,2025,Oct,Q4,Gems,Value,International,E-Commerce,1610,20,35031.72,22540,12066.15,0.01,31878
2097,2023-10-10,2024,Oct,Q4,Celebrations Box,Premium,International,General Trade,2786,250,696075.33,501480,175438.9,0.01,689535
2098,2023-10-14,2024,Oct,Q4,Oreo,Mid-range,International,E-Commerce,2577,40,113407.59,72156,36303.89,0.1,92772
2099,2023-10-02,2023,Oct,Q4,Fuse,Value,International,Modern Trade,551,35,18117.47,13224,5624.99,0.13,16777.95
2100,2023-10-21,2024,Oct,Q4,Caramel,Mid-range,International,Modern Trade,2721,55,169933.32,103398,48134.64,0.02,146661.9
2101,2023-11-15,2025,Nov,Q4,Dairy Milk,Mid-range,North India,General Trade,1222,45,83733.41,42770,17595.59,0.05,52240.5
2102,2023-11-12,2024,Nov,Q4,Dairy Milk Silk,Premium,North India,E-Commerce,2798,75,309152.29,145496,73053.04,0.11,186766.5
2103,2023-11-13,2025,Nov,Q4,5 Star,Value,North India,E-Commerce,803,30,20240.52,17666,4384.56,0.02,23608.2
2104,2023-11-23,2023,Nov,Q4,Perk,Value,North India,Institutional,1058,25,22236.84,19044,4757.99,0.13,23011.5
2105,2023-11-26,2024,Nov,Q4,Bournville,Premium,North India,Institutional,2573,90,241531.89,167245,74965.57,0.06,217675.8
2106,2023-11-24,2024,Nov,Q4,Gems,Value,North India,General Trade,603,20,14124.31,8442,3439.02,0.02,11818.8
2107,2023-11-14,2025,Nov,Q4,Celebrations Box,Premium,North India,Modern Trade,2700,250,788362.28,486000,233953.7,0.02,661500
2108,2023-11-15,2025,Nov,Q4,Oreo,Mid-range,North India,Institutional,2580,40,110364.72,72240,19932.66,0.09,93912
2109,2023-11-12,2024,Nov,Q4,Fuse,Value,North India,General Trade,2031,35,74125.86,48744,22665.54,0.06,66819.9
2110,2023-11-27,2025,Nov,Q4,Caramel,Mid-range,North India,Modern Trade,2752,55,138564.17,104576,43124.05,0.1,136224
2111,2023-11-04,2023,Nov,Q4,Dairy Milk,Mid-range,South India,General Trade,1664,45,111759.57,58240,24490.83,0.14,64396.8
2112,2023-11-09,2023,Nov,Q4,Dairy Milk Silk,Premium,South India,Institutional,1542,75,164551.08,80184,44416.3,0.01,114493.5
2113,2023-11-22,2023,Nov,Q4,5 Star,Value,South India,E-Commerce,315,30,6343.22,6930,1714.6,0.11,8410.5
2114,2023-11-17,2025,Nov,Q4,Perk,Value,South India,General Trade,2199,25,41282.71,39582,12115.03,0.13,47828.25
2115,2023-11-08,2025,Nov,Q4,Bournville,Premium,South India,Modern Trade,1520,90,162251,98800,48771.88,0.1,123120
2116,2023-11-21,2025,Nov,Q4,Gems,Value,South India,Institutional,1271,20,21942.27,17794,6450.51,0.1,22878
2117,2023-11-18,2023,Nov,Q4,Celebrations Box,Premium,South India,Institutional,705,250,189289.04,126900,48227.95,0.13,153337.5
2118,2023-11-06,2023,Nov,Q4,Oreo,Mid-range,South India,Modern Trade,312,40,13654.58,8736,4710.6,0.1,11232
2119,2023-11-06,2025,Nov,Q4,Fuse,Value,South India,Institutional,2721,35,93982.81,65304,31230.05,0.07,88568.55
2120,2023-11-08,2024,Nov,Q4,Caramel,Mid-range,South India,Modern Trade,2433,55,130823.64,92454,27725.49,0.07,124447.95
2121,2023-11-08,2024,Nov,Q4,Dairy Milk,Mid-range,West India,E-Commerce,1076,45,79077.54,37660,26059.18,0.01,47935.8
2122,2023-11-03,2024,Nov,Q4,Dairy Milk Silk,Premium,West India,Institutional,1435,75,138426.17,74620,43379.46,0.12,94710
2123,2023-11-15,2023,Nov,Q4,5 Star,Value,West India,Institutional,1552,30,38413.45,34144,8825.48,0.12,40972.8
2124,2023-11-11,2023,Nov,Q4,Perk,Value,West India,Modern Trade,2735,25,50400.09,49230,10573.83,0.07,63588.75
2125,2023-11-01,2023,Nov,Q4,Bournville,Premium,West India,Modern Trade,1705,90,190381.02,110825,50432.28,0.11,136570.5
2126,2023-11-18,2023,Nov,Q4,Gems,Value,West India,Modern Trade,1436,20,27094.34,20104,8333.09,0.06,26996.8
2127,2023-11-20,2025,Nov,Q4,Celebrations Box,Premium,West India,Modern Trade,2647,250,707993.27,476460,127545.06,0.01,655132.5
2128,2023-11-21,2023,Nov,Q4,Oreo,Mid-range,West India,E-Commerce,1737,40,72037.02,48636,16940.3,0.08,63921.6
2129,2023-11-02,2025,Nov,Q4,Fuse,Value,West India,Institutional,1257,35,51451.77,30168,17575.75,0.05,41795.25
2130,2023-11-18,2024,Nov,Q4,Caramel,Mid-range,West India,General Trade,2700,55,135458.83,102600,43630.28,0.07,138105
2131,2023-11-23,2024,Nov,Q4,Dairy Milk,Mid-range,East India,Institutional,2333,45,172970.31,81655,60047.63,0.1,94486.5
2132,2023-11-22,2025,Nov,Q4,Dairy Milk Silk,Premium,East India,Institutional,606,75,78581.9,31512,15020.69,0.01,44995.5
2133,2023-11-27,2023,Nov,Q4,5 Star,Value,East India,General Trade,285,30,5579.96,6270,1618.15,0.05,8122.5
2134,2023-11-23,2023,Nov,Q4,Perk,Value,East India,E-Commerce,1849,25,35329.66,33282,7616.26,0.08,42527
2135,2023-11-16,2025,Nov,Q4,Bournville,Premium,East India,Modern Trade,410,90,47331.8,26650,14903.88,0.13,32103
2136,2023-11-24,2023,Nov,Q4,Gems,Value,East India,General Trade,2636,20,57868.7,36904,17805.21,0.11,46920.8
2137,2023-11-07,2023,Nov,Q4,Celebrations Box,Premium,East India,Institutional,586,250,168119.47,105480,57582.37,0.04,140640
2138,2023-11-13,2025,Nov,Q4,Oreo,Mid-range,East India,General Trade,625,40,26933.21,17500,6391.01,0.14,21500
2139,2023-11-07,2024,Nov,Q4,Fuse,Value,East India,General Trade,1590,35,54794.07,38160,13437.66,0.12,48972
2140,2023-11-02,2025,Nov,Q4,Caramel,Mid-range,East India,E-Commerce,588,55,32976.62,22344,6193.95,0.11,28782.6
2141,2023-11-15,2023,Nov,Q4,Dairy Milk,Mid-range,International,Modern Trade,2493,45,171258.93,87255,45794.72,0.13,97600.95
2142,2023-11-24,2024,Nov,Q4,Dairy Milk Silk,Premium,International,General Trade,1709,75,203374.66,88868,53638.51,0,128175
2143,2023-11-27,2023,Nov,Q4,5 Star,Value,International,Modern Trade,1866,30,38140.97,41052,8787.66,0.14,48142.8
2144,2023-11-06,2024,Nov,Q4,Perk,Value,International,Institutional,1737,25,31564.68,31266,6916.11,0.12,38214
2145,2023-11-04,2024,Nov,Q4,Bournville,Premium,International,General Trade,2374,90,222916.52,154310,77094,0.12,188020.8
2146,2023-11-11,2024,Nov,Q4,Gems,Value,International,Institutional,2164,20,48118.79,30296,11584.13,0.09,39384.8
2147,2023-11-23,2024,Nov,Q4,Celebrations Box,Premium,International,Institutional,1479,250,389850.82,266220,130243.25,0.15,314287.5
2148,2023-11-11,2025,Nov,Q4,Oreo,Mid-range,International,General Trade,1064,40,41850.6,29792,9403.19,0.06,40006.4
2149,2023-11-05,2024,Nov,Q4,Fuse,Value,International,E-Commerce,1577,35,53734.63,37848,11673.27,0.12,48571.6
2150,2023-11-24,2024,Nov,Q4,Caramel,Mid-range,International,Institutional,2006,55,113132.17,76228,27369.59,0.11,98193.7
2151,2023-12-28,2025,Dec,Q4,Dairy Milk,Mid-range,North India,E-Commerce,2696,45,171962.03,94360,54821.06,0.11,107974.8
2152,2023-12-18,2024,Dec,Q4,Dairy Milk Silk,Premium,North India,E-Commerce,2319,75,232459.49,120588,51124.02,0.11,154793.25
2153,2023-12-23,2023,Dec,Q4,5 Star,Value,North India,General Trade,855,30,22819.85,18810,6998.81,0.03,24880.5
2154,2023-12-22,2023,Dec,Q4,Perk,Value,North India,E-Commerce,2248,25,44639.4,40464,10194.7,0.05,53390
2155,2023-12-06,2024,Dec,Q4,Bournville,Premium,North India,General Trade,2315,90,206478.72,150475,66474.74,0.1,187515
2156,2023-12-12,2023,Dec,Q4,Gems,Value,North India,E-Commerce,2315,20,50774.27,32410,9323.1,0.02,45374
2157,2023-12-22,2024,Dec,Q4,Celebrations Box,Premium,North India,Institutional,1950,250,462705.19,351000,160538.22,0.09,443625
2158,2023-12-27,2025,Dec,Q4,Oreo,Mid-range,North India,Institutional,2212,40,80430.43,61936,26989.98,0.11,78747.2
2159,2023-12-26,2023,Dec,Q4,Fuse,Value,North India,E-Commerce,2795,35,90948.76,67080,30605.63,0.13,85107.75
2160,2023-12-13,2025,Dec,Q4,Caramel,Mid-range,North India,Modern Trade,1778,55,105525.74,67564,19620.61,0.02,95834.2
2161,2023-12-07,2025,Dec,Q4,Dairy Milk,Mid-range,South India,General Trade,431,45,24895.75,15085,6126.99,0.1,17455.5
2162,2023-12-10,2025,Dec,Q4,Dairy Milk Silk,Premium,South India,E-Commerce,2430,75,237817.77,126360,72253.74,0.12,160380
2163,2023-12-23,2023,Dec,Q4,5 Star,Value,South India,E-Commerce,698,30,17751.08,15356,4659.56,0.13,18217.8
2164,2023-12-02,2023,Dec,Q4,Perk,Value,South India,E-Commerce,863,25,14003.74,15534,4325.83,0.11,19201.75
2165,2023-12-20,2024,Dec,Q4,Bournville,Premium,South India,E-Commerce,2613,90,313181.38,169845,68858.23,0.07,218708.1
2166,2023-12-13,2024,Dec,Q4,Gems,Value,South India,General Trade,2408,20,55622.19,33712,19284.45,0.1,43344
2167,2023-12-26,2024,Dec,Q4,Celebrations Box,Premium,South India,General Trade,1744,250,446202.88,313920,126325.97,0.12,383680
2168,2023-12-13,2024,Dec,Q4,Oreo,Mid-range,South India,E-Commerce,2266,40,91289.44,63448,25651.21,0.1,81576
2169,2023-12-22,2025,Dec,Q4,Fuse,Value,South India,Institutional,1474,35,55051.88,35376,13713.02,0.14,44367.4
2170,2023-12-24,2025,Dec,Q4,Caramel,Mid-range,South India,E-Commerce,1861,55,112996.87,70718,32039.87,0.01,101331.45
2171,2023-12-25,2025,Dec,Q4,Dairy Milk,Mid-range,West India,E-Commerce,861,45,66560.15,30135,17505.65,0.09,35257.95
2172,2023-12-21,2023,Dec,Q4,Dairy Milk Silk,Premium,West India,Institutional,2658,75,279937.33,138216,73128.2,0.03,193369.5
2173,2023-12-24,2023,Dec,Q4,5 Star,Value,West India,E-Commerce,2444,30,53286.49,53768,9905.3,0.09,66721.2
2174,2023-12-07,2023,Dec,Q4,Perk,Value,West India,General Trade,2504,25,46072.65,45072,12694.92,0.11,55714
2175,2023-12-22,2023,Dec,Q4,Bournville,Premium,West India,E-Commerce,1566,90,170886.63,101790,32252.73,0.03,136711.8
2176,2023-12-24,2025,Dec,Q4,Gems,Value,West India,Modern Trade,814,20,14305.47,11396,2717.42,0.14,14000.8
2177,2023-12-09,2023,Dec,Q4,Celebrations Box,Premium,West India,Modern Trade,1360,250,384613.78,244800,77493.43,0.01,336600
2178,2023-12-28,2024,Dec,Q4,Oreo,Mid-range,West India,E-Commerce,652,40,27340.38,18256,4946.19,0.02,25558.4
2179,2023-12-23,2025,Dec,Q4,Fuse,Value,West India,E-Commerce,295,35,9751.12,7080,2130.48,0.05,9808.75
2180,2023-12-11,2025,Dec,Q4,Caramel,Mid-range,West India,General Trade,393,55,19488.01,14934,5677.02,0.02,21182.7
2181,2023-12-20,2024,Dec,Q4,Dairy Milk,Mid-range,East India,Modern Trade,2497,45,157168.77,87395,42898.72,0.14,96633.9
2182,2023-12-18,2023,Dec,Q4,Dairy Milk Silk,Premium,East India,E-Commerce,1685,75,188769.74,87620,49848.03,0.12,111210
2183,2023-12-11,2023,Dec,Q4,5 Star,Value,East India,E-Commerce,488,30,10575.44,10736,2353.79,0.12,12883.2
2184,2023-12-26,2024,Dec,Q4,Perk,Value,East India,General Trade,806,25,18077.29,14508,6017.68,0.08,18538
2185,2023-12-13,2025,Dec,Q4,Bournville,Premium,East India,General Trade,1471,90,160317.76,95615,31257.32,0.08,121798.8
2186,2023-12-07,2025,Dec,Q4,Gems,Value,East India,Modern Trade,1281,20,30107.7,17934,6293.52,0.03,24851.4
2187,2023-12-07,2023,Dec,Q4,Celebrations Box,Premium,East India,E-Commerce,1229,250,315532.55,221220,76941.74,0.05,291887.5
2188,2023-12-21,2024,Dec,Q4,Oreo,Mid-range,East India,Institutional,1888,40,81624.57,52864,20214.8,0.12,66457.6
2189,2023-12-15,2025,Dec,Q4,Fuse,Value,East India,Modern Trade,607,35,22321.51,14568,7673.08,0.1,19120.5
2190,2023-12-20,2024,Dec,Q4,Caramel,Mid-range,East India,General Trade,2121,55,113020.46,80598,21936.23,0.09,106156.05
2191,2023-12-11,2025,Dec,Q4,Dairy Milk,Mid-range,International,General Trade,393,45,30083.27,13755,10142.43,0.1,15916.5
2192,2023-12-13,2024,Dec,Q4,Dairy Milk Silk,Premium,International,Institutional,2562,75,293397.81,133224,70744.93,0.14,165249
2193,2023-12-01,2023,Dec,Q4,5 Star,Value,International,E-Commerce,1828,30,35945.45,40216,7678.95,0.11,48807.6
2194,2023-12-15,2024,Dec,Q4,Perk,Value,International,E-Commerce,1754,25,34843.88,31572,10272.86,0.12,38588
2195,2023-12-21,2023,Dec,Q4,Bournville,Premium,International,Institutional,404,90,38787,26260,12793.11,0.04,34905.6
2196,2023-12-04,2024,Dec,Q4,Gems,Value,International,General Trade,1198,20,28341.14,16772,9366.85,0.08,22043.2
2197,2023-12-01,2023,Dec,Q4,Celebrations Box,Premium,International,General Trade,2496,250,703445.86,449280,197844.33,0.08,574080
2198,2023-12-25,2025,Dec,Q4,Oreo,Mid-range,International,Modern Trade,883,40,33619.77,24724,10707.03,0.1,31788
2199,2023-12-27,2025,Dec,Q4,Fuse,Value,International,General Trade,2759,35,101458.22,66216,31724.09,0.1,86908.5
2200,2023-12-23,2023,Dec,Q4,Caramel,Mid-range,International,Modern Trade,869,55,45531.23,33022,8888.83,0.08,43971.4
2201,2024-01-03,2023,Jan,Q1,Dairy Milk,Mid-range,North India,Institutional,1524,45,93826.05,53340,29322.12,0.12,60350.4
2202,2024-01-11,2023,Jan,Q1,Dairy Milk Silk,Premium,North India,General Trade,248,75,27707,12896,5169.12,0.07,17298
2203,2024-01-06,2024,Jan,Q1,5 Star,Value,North India,Modern Trade,379,30,9262.05,8338,3019.27,0.01,11256.3
2204,2024-01-27,2025,Jan,Q1,Perk,Value,North India,E-Commerce,1342,25,29888.19,24156,6324.18,0.01,33214.5
2205,2024-01-15,2024,Jan,Q1,Bournville,Premium,North India,General Trade,729,90,79681.15,47385,21808.61,0.06,61673.4
2206,2024-01-13,2023,Jan,Q1,Gems,Value,North India,Institutional,1086,20,22633.42,15204,7342.39,0.05,20634
2207,2024-01-24,2024,Jan,Q1,Celebrations Box,Premium,North India,Modern Trade,1295,250,374578.18,233100,120549.43,0,323750
2208,2024-01-02,2024,Jan,Q1,Oreo,Mid-range,North India,Modern Trade,1748,40,74081.69,48944,21103.78,0.11,62228.8
2209,2024-01-04,2025,Jan,Q1,Fuse,Value,North India,Modern Trade,932,35,34184.21,22368,6611.28,0.14,28053.2
2210,2024-01-20,2024,Jan,Q1,Caramel,Mid-range,North India,E-Commerce,1811,55,118057.89,68818,26165.42,0.1,89644.5
2211,2024-01-15,2023,Jan,Q1,Dairy Milk,Mid-range,South India,Modern Trade,776,45,46403.78,27160,9508.66,0.11,31078.8
2212,2024-01-01,2023,Jan,Q1,Dairy Milk Silk,Premium,South India,Institutional,1009,75,113636.6,52468,26938.62,0.12,66594
2213,2024-01-05,2024,Jan,Q1,5 Star,Value,South India,Institutional,520,30,10348.41,11440,2867.82,0.08,14352
2214,2024-01-18,2024,Jan,Q1,Perk,Value,South India,Institutional,1831,25,35720.72,32958,8118.27,0.12,40282
2215,2024-01-22,2023,Jan,Q1,Bournville,Premium,South India,E-Commerce,1498,90,183088.96,97370,59268.58,0.02,132123.6
2216,2024-01-18,2024,Jan,Q1,Gems,Value,South India,E-Commerce,222,20,4734.75,3108,969.69,0.08,4084.8
2217,2024-01-19,2023,Jan,Q1,Celebrations Box,Premium,South India,General Trade,452,250,96535.39,81360,17973.29,0.01,111870
2218,2024-01-03,2024,Jan,Q1,Oreo,Mid-range,South India,Institutional,1300,40,61952.6,36400,13129.07,0.08,47840
2219,2024-01-24,2023,Jan,Q1,Fuse,Value,South India,E-Commerce,630,35,19579.28,15120,4601.89,0.11,19624.5
2220,2024-01-21,2024,Jan,Q1,Caramel,Mid-range,South India,E-Commerce,633,55,34756.64,24054,10645.37,0.06,32726.1
2221,2024-01-20,2024,Jan,Q1,Dairy Milk,Mid-range,West India,General Trade,529,45,35606.04,18515,6507.31,0.03,23090.85
2222,2024-01-22,2025,Jan,Q1,Dairy Milk Silk,Premium,West India,E-Commerce,597,75,59854.21,31044,19277.38,0.02,43879.5
2223,2024-01-18,2025,Jan,Q1,5 Star,Value,West India,Modern Trade,1943,30,49633.87,42746,12512.18,0.11,51878.1
2224,2024-01-10,2024,Jan,Q1,Perk,Value,West India,Institutional,1520,25,28325.19,27360,7886.73,0.08,34960
2225,2024-01-24,2025,Jan,Q1,Bournville,Premium,West India,Modern Trade,713,90,77105.2,46345,26275.25,0.01,63528.3
2226,2024-01-22,2025,Jan,Q1,Gems,Value,West India,Institutional,877,20,16806.48,12278,5619.32,0.05,16663
2227,2024-01-03,2023,Jan,Q1,Celebrations Box,Premium,West India,General Trade,404,250,101406.87,72720,28808.48,0.04,96960
2228,2024-01-11,2025,Jan,Q1,Oreo,Mid-range,West India,General Trade,850,40,37219.24,23800,12760.58,0.07,31620
2229,2024-01-19,2025,Jan,Q1,Fuse,Value,West India,E-Commerce,1620,35,61211.36,38880,18001.86,0.09,51597
2230,2024-01-14,2024,Jan,Q1,Caramel,Mid-range,West India,E-Commerce,1854,55,110434.92,70452,38024.99,0.05,96871.5
2231,2024-01-26,2024,Jan,Q1,Dairy Milk,Mid-range,East India,General Trade,209,45,15190.09,7315,4817.77,0.05,8934.75
2232,2024-01-14,2024,Jan,Q1,Dairy Milk Silk,Premium,East India,General Trade,1658,75,175670.45,86216,56793.32,0.11,110671.5
2233,2024-01-22,2023,Jan,Q1,5 Star,Value,East India,E-Commerce,1920,30,39875.07,42240,12440.21,0.05,54720
2234,2024-01-15,2025,Jan,Q1,Perk,Value,East India,E-Commerce,1997,25,41413.39,35946,10927.6,0.07,46430.25
2235,2024-01-18,2025,Jan,Q1,Bournville,Premium,East India,E-Commerce,1786,90,162053.14,116090,50573.38,0.05,152703
2236,2024-01-03,2024,Jan,Q1,Gems,Value,East India,Modern Trade,559,20,12184.47,7826,2795.23,0.1,10062
2237,2024-01-18,2025,Jan,Q1,Celebrations Box,Premium,East India,E-Commerce,1958,250,431322.79,352440,119470.87,0.12,430760
2238,2024-01-21,2023,Jan,Q1,Oreo,Mid-range,East India,General Trade,739,40,34795.79,20692,6701.31,0.11,26308.4
2239,2024-01-01,2025,Jan,Q1,Fuse,Value,East India,Modern Trade,1689,35,69576.42,40536,12860.79,0.01,58523.85
2240,2024-01-13,2023,Jan,Q1,Caramel,Mid-range,East India,Modern Trade,1864,55,93634.7,70832,18469.71,0.09,93293.2
2241,2024-01-18,2025,Jan,Q1,Dairy Milk,Mid-range,International,General Trade,275,45,15382.95,9625,5288.81,0.08,11385
2242,2024-01-12,2024,Jan,Q1,Dairy Milk Silk,Premium,International,Institutional,1539,75,163981.17,80028,54666.7,0.12,101574
2243,2024-01-19,2024,Jan,Q1,5 Star,Value,International,Institutional,657,30,13845.45,14454,3697.19,0.13,17147.7
2244,2024-01-17,2024,Jan,Q1,Perk,Value,International,E-Commerce,474,25,10042.91,8532,3204.07,0.07,11020.5
2245,2024-01-01,2024,Jan,Q1,Bournville,Premium,International,Modern Trade,1012,90,92486.49,65780,22478.66,0.05,86526
2246,2024-01-20,2024,Jan,Q1,Gems,Value,International,General Trade,1936,20,36977.11,27104,12145.03,0.14,33299.2
2247,2024-01-15,2024,Jan,Q1,Celebrations Box,Premium,International,General Trade,1750,250,429997.23,315000,102699.55,0.08,402500
2248,2024-01-19,2024,Jan,Q1,Oreo,Mid-range,International,General Trade,566,40,22340.74,15848,4773.24,0.08,20828.8
2249,2024-01-12,2024,Jan,Q1,Fuse,Value,International,General Trade,1707,35,56563.68,40968,18390.58,0.11,53173.05
2250,2024-01-08,2025,Jan,Q1,Caramel,Mid-range,International,Modern Trade,648,55,35509.34,24624,10433.04,0.11,31719.6
2251,2024-02-02,2023,Feb,Q1,Dairy Milk,Mid-range,North India,Modern Trade,889,45,57799.41,31115,10835.76,0.06,37604.7
2252,2024-02-12,2023,Feb,Q1,Dairy Milk Silk,Premium,North India,General Trade,1512,75,144332.33,78624,31159.23,0.14,97524
2253,2024-02-02,2024,Feb,Q1,5 Star,Value,North India,Institutional,1393,30,32157.76,30646,9169.1,0.14,35939.4
2254,2024-02-23,2025,Feb,Q1,Perk,Value,North India,Modern Trade,1833,25,39943.64,32994,10621.77,0.05,43533.75
2255,2024-02-19,2024,Feb,Q1,Bournville,Premium,North India,E-Commerce,2290,90,221619.03,148850,49588.19,0.11,183429
2256,2024-02-12,2024,Feb,Q1,Gems,Value,North India,General Trade,1165,20,22544.72,16310,7373.48,0.1,20970
2257,2024-02-08,2025,Feb,Q1,Celebrations Box,Premium,North India,Modern Trade,1509,250,382856.13,271620,78762.43,0.04,362160
2258,2024-02-12,2023,Feb,Q1,Oreo,Mid-range,North India,Institutional,1106,40,49715.35,30968,12685.6,0.12,38931.2
2259,2024-02-20,2024,Feb,Q1,Fuse,Value,North India,Institutional,2187,35,90784.4,52488,25648.07,0.07,71186.85
2260,2024-02-15,2025,Feb,Q1,Caramel,Mid-range,North India,Modern Trade,1472,55,88010.61,55936,19135.6,0.13,70435.2
2261,2024-02-21,2024,Feb,Q1,Dairy Milk,Mid-range,South India,General Trade,805,45,52014.07,28175,16674.75,0.01,35862.75
2262,2024-02-06,2024,Feb,Q1,Dairy Milk Silk,Premium,South India,E-Commerce,759,75,89366.77,39468,17412.28,0.02,55786.5
2263,2024-02-04,2025,Feb,Q1,5 Star,Value,South India,E-Commerce,1718,30,41591.9,37796,10526.18,0.11,45870.6
2264,2024-02-24,2024,Feb,Q1,Perk,Value,South India,General Trade,1258,25,27434.71,22644,8629.39,0.12,27676
2265,2024-02-16,2025,Feb,Q1,Bournville,Premium,South India,Modern Trade,1423,90,170538.42,92495,42634.58,0.1,115263
2266,2024-02-27,2024,Feb,Q1,Gems,Value,South India,General Trade,1690,20,32701.02,23660,6947.08,0.02,33124
2267,2024-02-05,2025,Feb,Q1,Celebrations Box,Premium,South India,Institutional,294,250,68748.7,52920,16656.5,0.04,70560
2268,2024-02-02,2023,Feb,Q1,Oreo,Mid-range,South India,General Trade,570,40,23133.03,15960,7286.51,0.09,20748
2269,2024-02-06,2023,Feb,Q1,Fuse,Value,South India,General Trade,376,35,15789.56,9024,4195.19,0.02,12896.8
2270,2024-02-21,2025,Feb,Q1,Caramel,Mid-range,South India,Institutional,1712,55,107464.88,65056,21828.31,0.15,80036
2271,2024-02-22,2023,Feb,Q1,Dairy Milk,Mid-range,West India,Modern Trade,2398,45,183915.98,83930,44534.86,0.11,96039.9
2272,2024-02-20,2025,Feb,Q1,Dairy Milk Silk,Premium,West India,E-Commerce,450,75,51978.3,23400,17263.42,0.03,32737.5
2273,2024-02-08,2024,Feb,Q1,5 Star,Value,West India,Institutional,2371,30,55218.18,52162,11582.34,0.07,66150.9
2274,2024-02-19,2024,Feb,Q1,Perk,Value,West India,Institutional,1716,25,37624.78,30888,9812.13,0.02,42042
2275,2024-02-09,2025,Feb,Q1,Bournville,Premium,West India,General Trade,1771,90,199518.42,115115,42785.61,0.1,143451
2276,2024-02-15,2023,Feb,Q1,Gems,Value,West India,General Trade,2019,20,47828.85,28266,16658.37,0.1,36342
2277,2024-02-05,2023,Feb,Q1,Celebrations Box,Premium,West India,Modern Trade,804,250,175076.91,144720,36432.51,0.06,188940
2278,2024-02-28,2025,Feb,Q1,Oreo,Mid-range,West India,Modern Trade,279,40,12548.98,7812,3371.98,0.03,10825.2
2279,2024-02-04,2025,Feb,Q1,Fuse,Value,West India,Institutional,2270,35,75685.17,54480,25245.45,0.02,77861
2280,2024-02-20,2023,Feb,Q1,Caramel,Mid-range,West India,General Trade,1408,55,88492.19,53504,26974.62,0.14,66598.4
2281,2024-02-17,2025,Feb,Q1,Dairy Milk,Mid-range,East India,Modern Trade,2396,45,164839.25,83860,34296.5,0.12,94881.6
2282,2024-02-05,2024,Feb,Q1,Dairy Milk Silk,Premium,East India,Modern Trade,468,75,60159.41,24336,13194.26,0.07,32643
2283,2024-02-14,2025,Feb,Q1,5 Star,Value,East India,Modern Trade,2143,30,43737.19,47146,14643.35,0.1,57861
2284,2024-02-23,2025,Feb,Q1,Perk,Value,East India,Institutional,1149,25,20750.82,20682,6555.57,0.13,24990.75
2285,2024-02-16,2025,Feb,Q1,Bournville,Premium,East India,Institutional,802,90,90457.53,52130,24263.61,0.14,62074.8
2286,2024-02-24,2025,Feb,Q1,Gems,Value,East India,Institutional,1100,20,22735.48,15400,5269.49,0.09,20020
2287,2024-02-16,2024,Feb,Q1,Celebrations Box,Premium,East India,Modern Trade,1285,250,366928.73,231300,106703.84,0.02,314825
2288,2024-02-20,2025,Feb,Q1,Oreo,Mid-range,East India,General Trade,2350,40,79904.82,65800,15046.65,0.01,93060
2289,2024-02-23,2023,Feb,Q1,Fuse,Value,East India,Institutional,872,35,34408.36,20928,7084.42,0.03,29604.4
2290,2024-02-17,2024,Feb,Q1,Caramel,Mid-range,East India,Modern Trade,1659,55,89817.54,63042,19728.41,0.08,83945.4
2291,2024-02-23,2024,Feb,Q1,Dairy Milk,Mid-range,International,Modern Trade,1161,45,80470.26,40635,19483.69,0.1,47020.5
2292,2024-02-05,2024,Feb,Q1,Dairy Milk Silk,Premium,International,E-Commerce,1244,75,144012.6,64688,39612.63,0.05,88635
2293,2024-02-09,2023,Feb,Q1,5 Star,Value,International,Institutional,1840,30,46523.25,40480,14743.14,0.09,50232
2294,2024-02-09,2024,Feb,Q1,Perk,Value,International,Institutional,1627,25,35999.02,29286,6636.95,0.05,38641.25
2295,2024-02-18,2023,Feb,Q1,Bournville,Premium,International,Institutional,2095,90,241577.23,136175,53033.78,0.03,182893.5
2296,2024-02-18,2024,Feb,Q1,Gems,Value,International,Institutional,679,20,11625.88,9506,2835.09,0.06,12765.2
2297,2024-02-19,2024,Feb,Q1,Celebrations Box,Premium,International,Institutional,862,250,193862.75,155160,64675.96,0.15,183175
2298,2024-02-24,2024,Feb,Q1,Oreo,Mid-range,International,E-Commerce,2142,40,77601.27,59976,18178.72,0.11,76255.2
2299,2024-02-04,2025,Feb,Q1,Fuse,Value,International,General Trade,2341,35,96016.83,56184,30051.69,0.13,71283.45
2300,2024-02-06,2025,Feb,Q1,Caramel,Mid-range,International,General Trade,1336,55,69763.46,50768,20543.32,0.12,64662.4
2301,2024-03-26,2024,Mar,Q1,Dairy Milk,Mid-range,North India,Modern Trade,639,45,38672.97,22365,10984.06,0.08,26454.6
2302,2024-03-23,2025,Mar,Q1,Dairy Milk Silk,Premium,North India,E-Commerce,1840,75,212411.72,95680,69544.64,0.08,126960
2303,2024-03-21,2023,Mar,Q1,5 Star,Value,North India,Modern Trade,529,30,13989.71,11638,3452.94,0.06,14917.8
2304,2024-03-05,2025,Mar,Q1,Perk,Value,North India,Modern Trade,1847,25,41188.47,33246,11031.47,0.01,45713.25
2305,2024-03-03,2023,Mar,Q1,Bournville,Premium,North India,Institutional,1429,90,158426.31,92885,38448.12,0.07,119607.3
2306,2024-03-20,2023,Mar,Q1,Gems,Value,North India,E-Commerce,654,20,12276.98,9156,4208.16,0.06,12295.2
2307,2024-03-13,2023,Mar,Q1,Celebrations Box,Premium,North India,Modern Trade,1683,250,403201.38,302940,72993.75,0.06,395505
2308,2024-03-02,2025,Mar,Q1,Oreo,Mid-range,North India,E-Commerce,1657,40,78316.55,46396,15231.08,0.14,57000.8
2309,2024-03-01,2025,Mar,Q1,Fuse,Value,North India,General Trade,1511,35,45044.1,36264,12236.87,0.07,49183.05
2310,2024-03-26,2024,Mar,Q1,Caramel,Mid-range,North India,General Trade,1941,55,101824.73,73758,34181.48,0.1,96079.5
2311,2024-03-20,2024,Mar,Q1,Dairy Milk,Mid-range,South India,E-Commerce,598,45,34495.81,20930,11865.85,0.01,26640.9
2312,2024-03-02,2025,Mar,Q1,Dairy Milk Silk,Premium,South India,General Trade,1459,75,154937.16,75868,31979.16,0.03,106142.25
2313,2024-03-06,2025,Mar,Q1,5 Star,Value,South India,E-Commerce,689,30,13437.28,15158,3635.37,0.1,18603
2314,2024-03-12,2023,Mar,Q1,Perk,Value,South India,Modern Trade,765,25,13204.55,13770,2694.02,0.12,16830
2315,2024-03-17,2025,Mar,Q1,Bournville,Premium,South India,Institutional,1030,90,122071.95,66950,31565.32,0.09,84357
2316,2024-03-03,2023,Mar,Q1,Gems,Value,South India,Modern Trade,1709,20,33984.08,23926,8037.62,0.11,30420.2
2317,2024-03-19,2025,Mar,Q1,Celebrations Box,Premium,South India,E-Commerce,1687,250,408783.11,303660,96692.53,0.12,371140
2318,2024-03-09,2025,Mar,Q1,Oreo,Mid-range,South India,E-Commerce,911,40,43302.76,25508,13639.96,0.14,31338.4
2319,2024-03-15,2024,Mar,Q1,Fuse,Value,South India,General Trade,1441,35,46072.89,34584,13373.51,0.14,43374.1
2320,2024-03-06,2023,Mar,Q1,Caramel,Mid-range,South India,Institutional,1377,55,73045.21,52326,20555.08,0,75735
2321,2024-03-03,2025,Mar,Q1,Dairy Milk,Mid-range,West India,Institutional,1236,45,70268.18,43260,21338.06,0.02,54507.6
2322,2024-03-26,2024,Mar,Q1,Dairy Milk Silk,Premium,West India,E-Commerce,896,75,101506.86,46592,29168.9,0.14,57792
2323,2024-03-26,2023,Mar,Q1,5 Star,Value,West India,E-Commerce,1994,30,48798.9,43868,15604.2,0.08,55034.4
2324,2024-03-13,2023,Mar,Q1,Perk,Value,West India,E-Commerce,1621,25,30464.66,29178,10544.91,0.07,37688.25
2325,2024-03-11,2024,Mar,Q1,Bournville,Premium,West India,Institutional,1776,90,219206.81,115440,51997.49,0.04,153446.4
2326,2024-03-19,2025,Mar,Q1,Gems,Value,West India,Institutional,1595,20,36316.13,22330,7255.27,0.07,29667
2327,2024-03-03,2025,Mar,Q1,Celebrations Box,Premium,West India,Modern Trade,1187,250,264572.5,213660,68515.95,0.02,290815
2328,2024-03-08,2025,Mar,Q1,Oreo,Mid-range,West India,Institutional,1497,40,64865.33,41916,19769.49,0.12,52694.4
2329,2024-03-12,2024,Mar,Q1,Fuse,Value,West India,General Trade,1838,35,72781.44,44112,14438.66,0.05,61113.5
2330,2024-03-08,2025,Mar,Q1,Caramel,Mid-range,West India,Modern Trade,1635,55,100581.88,62130,22588.36,0.12,79134
2331,2024-03-24,2024,Mar,Q1,Dairy Milk,Mid-range,East India,E-Commerce,390,45,29897.85,13650,6792.32,0.06,16497
2332,2024-03-06,2025,Mar,Q1,Dairy Milk Silk,Premium,East India,E-Commerce,355,75,36667.59,18460,8130.52,0.08,24495
2333,2024-03-19,2025,Mar,Q1,5 Star,Value,East India,Institutional,842,30,16267.12,18524,3242.38,0.05,23997
2334,2024-03-22,2023,Mar,Q1,Perk,Value,East India,E-Commerce,574,25,11774.62,10332,4099.66,0.14,12341
2335,2024-03-08,2025,Mar,Q1,Bournville,Premium,East India,General Trade,1221,90,125238.28,79365,26609.75,0.11,97802.1
2336,2024-03-08,2023,Mar,Q1,Gems,Value,East India,General Trade,1987,20,46797.31,27818,14392.36,0.04,38150.4
2337,2024-03-20,2024,Mar,Q1,Celebrations Box,Premium,East India,General Trade,1909,250,557233.02,343620,132973.33,0.04,458160
2338,2024-03-04,2024,Mar,Q1,Oreo,Mid-range,East India,E-Commerce,519,40,19894.93,14532,6237.21,0.12,18268.8
2339,2024-03-16,2023,Mar,Q1,Fuse,Value,East India,Modern Trade,1584,35,59813.63,38016,15869.46,0.14,47678.4
2340,2024-03-02,2024,Mar,Q1,Caramel,Mid-range,East India,Modern Trade,1765,55,101508.77,67070,21500.24,0.13,84455.25
2341,2024-03-16,2024,Mar,Q1,Dairy Milk,Mid-range,International,Institutional,960,45,65834.12,33600,12570.5,0.09,39312
2342,2024-03-25,2025,Mar,Q1,Dairy Milk Silk,Premium,International,E-Commerce,1205,75,150340.76,62660,46043.89,0.03,87663.75
2343,2024-03-19,2025,Mar,Q1,5 Star,Value,International,E-Commerce,1014,30,24239.96,22308,7113.31,0.03,29507.4
2344,2024-03-14,2023,Mar,Q1,Perk,Value,International,General Trade,310,25,6213.08,5580,1790.11,0.08,7130
2345,2024-03-12,2025,Mar,Q1,Bournville,Premium,International,Institutional,1307,90,124707.25,84955,37375.6,0,117630
2346,2024-03-06,2025,Mar,Q1,Gems,Value,International,Institutional,1962,20,40956.79,27468,14026.02,0.1,35316
2347,2024-03-15,2024,Mar,Q1,Celebrations Box,Premium,International,Institutional,446,250,132922.12,80280,32735.28,0.1,100350
2348,2024-03-22,2025,Mar,Q1,Oreo,Mid-range,International,E-Commerce,1611,40,59487.59,45108,16997.6,0,64440
2349,2024-03-11,2025,Mar,Q1,Fuse,Value,International,General Trade,977,35,31302.43,23448,10439.35,0.09,31117.45
2350,2024-03-06,2025,Mar,Q1,Caramel,Mid-range,International,E-Commerce,1454,55,91690.67,55252,26872.17,0.13,69573.9
2351,2024-04-20,2025,Apr,Q2,Dairy Milk,Mid-range,North India,E-Commerce,685,45,39905.31,23975,9891.78,0.04,29592
2352,2024-04-14,2024,Apr,Q2,Dairy Milk Silk,Premium,North India,E-Commerce,949,75,104179.84,49348,19975.28,0.03,69039.75
2353,2024-04-12,2024,Apr,Q2,5 Star,Value,North India,General Trade,1058,30,21405.4,23276,5058.57,0.11,28248.6
2354,2024-04-15,2024,Apr,Q2,Perk,Value,North India,E-Commerce,1949,25,38341.73,35082,7815.84,0.06,45801.5
2355,2024-04-19,2025,Apr,Q2,Bournville,Premium,North India,General Trade,1370,90,169209.48,89050,44251.66,0.02,120834
2356,2024-04-09,2023,Apr,Q2,Gems,Value,North India,General Trade,1867,20,41239.82,26138,8098.92,0.01,36966.6
2357,2024-04-13,2025,Apr,Q2,Celebrations Box,Premium,North India,General Trade,1337,250,288735.05,240660,81261.82,0.06,314195
2358,2024-04-24,2025,Apr,Q2,Oreo,Mid-range,North India,General Trade,498,40,22567.3,13944,4667.37,0.12,17529.6
2359,2024-04-06,2024,Apr,Q2,Fuse,Value,North India,General Trade,1168,35,48330.75,28032,16748.65,0.12,35974.4
2360,2024-04-28,2023,Apr,Q2,Caramel,Mid-range,North India,Institutional,1223,55,59701.76,46474,13001.45,0.02,65919.7
2361,2024-04-09,2024,Apr,Q2,Dairy Milk,Mid-range,South India,E-Commerce,1808,45,138781.66,63280,45537.56,0.07,75664.8
2362,2024-04-06,2023,Apr,Q2,Dairy Milk Silk,Premium,South India,Modern Trade,1015,75,116192.13,52780,23322.01,0.01,75363.75
2363,2024-04-16,2023,Apr,Q2,5 Star,Value,South India,Modern Trade,641,30,17090.58,14102,4572.9,0.12,16922.4
2364,2024-04-09,2024,Apr,Q2,Perk,Value,South India,Modern Trade,1121,25,21895.32,20178,5173.2,0.11,24942.25
2365,2024-04-26,2025,Apr,Q2,Bournville,Premium,South India,E-Commerce,937,90,89817.64,60905,19127.83,0.08,77583.6
2366,2024-04-04,2025,Apr,Q2,Gems,Value,South India,E-Commerce,904,20,20709.91,12656,7168.94,0,18080
2367,2024-04-20,2024,Apr,Q2,Celebrations Box,Premium,South India,E-Commerce,1976,250,473803.3,355680,162439.34,0.1,444600
2368,2024-04-21,2024,Apr,Q2,Oreo,Mid-range,South India,General Trade,1381,40,50642.65,38668,15892.26,0.09,50268.4
2369,2024-04-11,2024,Apr,Q2,Fuse,Value,South India,General Trade,1798,35,68208.08,43152,19711.1,0.04,60412.8
2370,2024-04-03,2024,Apr,Q2,Caramel,Mid-range,South India,Institutional,1786,55,99974.01,67868,19434.95,0.11,87424.7
2371,2024-04-21,2024,Apr,Q2,Dairy Milk,Mid-range,West India,Institutional,1456,45,113589.12,50960,27366.76,0.04,62899.2
2372,2024-04-26,2024,Apr,Q2,Dairy Milk Silk,Premium,West India,General Trade,1978,75,232972.01,102856,64595.04,0.03,143899.5
2373,2024-04-19,2024,Apr,Q2,5 Star,Value,West India,E-Commerce,1063,30,25608.25,23386,7839.53,0.09,29019.9
2374,2024-04-03,2023,Apr,Q2,Perk,Value,West India,Institutional,1938,25,31898.75,34884,9115.99,0.14,41667
2375,2024-04-11,2023,Apr,Q2,Bournville,Premium,West India,General Trade,903,90,90144.13,58695,26173.26,0.03,78831.9
2376,2024-04-21,2025,Apr,Q2,Gems,Value,West India,E-Commerce,1654,20,36810.03,23156,8299.1,0.04,31756.8
2377,2024-04-25,2024,Apr,Q2,Celebrations Box,Premium,West India,Institutional,755,250,188774.77,135900,49889.92,0.13,164212.5
2378,2024-04-15,2024,Apr,Q2,Oreo,Mid-range,West India,E-Commerce,1731,40,61926.6,48468,19296.98,0.09,63008.4
2379,2024-04-01,2025,Apr,Q2,Fuse,Value,West India,Institutional,542,35,18181.07,13008,3724.7,0.03,18400.9
2380,2024-04-09,2025,Apr,Q2,Caramel,Mid-range,West India,General Trade,1690,55,89856.43,64220,28396.93,0.04,89232
2381,2024-04-04,2025,Apr,Q2,Dairy Milk,Mid-range,East India,Modern Trade,631,45,47214.46,22085,9917.09,0.03,27543.15
2382,2024-04-16,2023,Apr,Q2,Dairy Milk Silk,Premium,East India,Modern Trade,330,75,41027.61,17160,9906.08,0.14,21285
2383,2024-04-17,2024,Apr,Q2,5 Star,Value,East India,Modern Trade,253,30,5556.92,5566,1723.19,0.12,6679.2
2384,2024-04-05,2024,Apr,Q2,Perk,Value,East India,Modern Trade,412,25,9225.51,7416,1715.19,0.04,9888
2385,2024-04-13,2023,Apr,Q2,Bournville,Premium,East India,Modern Trade,1541,90,175300.07,100165,51365.12,0.14,119273.4
2386,2024-04-10,2024,Apr,Q2,Gems,Value,East India,E-Commerce,669,20,12398.19,9366,3523.25,0.04,12844.8
2387,2024-04-17,2023,Apr,Q2,Celebrations Box,Premium,East India,Institutional,1483,250,364512.06,266940,125215.75,0.02,363335
2388,2024-04-12,2025,Apr,Q2,Oreo,Mid-range,East India,General Trade,258,40,11053.36,7224,1994.29,0.01,10216.8
2389,2024-04-28,2023,Apr,Q2,Fuse,Value,East India,E-Commerce,1969,35,71125.76,47256,14952.78,0.07,64090.95
2390,2024-04-23,2023,Apr,Q2,Caramel,Mid-range,East India,E-Commerce,1323,55,63342.09,50274,15429.79,0.07,67671.45
2391,2024-04-21,2023,Apr,Q2,Dairy Milk,Mid-range,International,General Trade,1410,45,110032.54,49350,31049.24,0.09,57739.5
2392,2024-04-18,2023,Apr,Q2,Dairy Milk Silk,Premium,International,Institutional,1272,75,164321.73,66144,39161.32,0.1,85860
2393,2024-04-08,2024,Apr,Q2,5 Star,Value,International,E-Commerce,911,30,18267.32,20042,4106.79,0.07,25416.9
2394,2024-04-14,2025,Apr,Q2,Perk,Value,International,Modern Trade,1104,25,18413.58,19872,5011.04,0.05,26220
2395,2024-04-01,2025,Apr,Q2,Bournville,Premium,International,E-Commerce,518,90,50989.9,33670,14761.46,0.05,44289
2396,2024-04-18,2024,Apr,Q2,Gems,Value,International,General Trade,904,20,19928.32,12656,3874.54,0.04,17356.8
2397,2024-04-25,2023,Apr,Q2,Celebrations Box,Premium,International,Modern Trade,1608,250,374414.14,289440,107139.7,0.14,345720
2398,2024-04-14,2023,Apr,Q2,Oreo,Mid-range,International,Institutional,813,40,38255.09,22764,9022.26,0,32520
2399,2024-04-01,2023,Apr,Q2,Fuse,Value,International,E-Commerce,1422,35,52362.16,34128,12857.52,0.03,48276.9
2400,2024-04-18,2025,Apr,Q2,Caramel,Mid-range,International,E-Commerce,586,55,37102.07,22268,10436.8,0.06,30296.2
2401,2024-05-23,2025,May,Q2,Dairy Milk,Mid-range,North India,Institutional,1008,45,57291.95,35280,13302.86,0.04,43545.6
2402,2024-05-09,2023,May,Q2,Dairy Milk Silk,Premium,North India,Institutional,1896,75,225304.37,98592,43991.09,0.06,133668
2403,2024-05-17,2025,May,Q2,5 Star,Value,North India,Modern Trade,1064,30,26717.24,23408,7326.58,0.09,29047.2
2404,2024-05-18,2024,May,Q2,Perk,Value,North India,E-Commerce,783,25,15552.18,14094,2850.63,0.1,17617.5
2405,2024-05-03,2024,May,Q2,Bournville,Premium,North India,E-Commerce,1045,90,94280.36,67925,32296.68,0.03,91228.5
2406,2024-05-21,2025,May,Q2,Gems,Value,North India,General Trade,479,20,8274.97,6706,1554.42,0.04,9196.8
2407,2024-05-23,2024,May,Q2,Celebrations Box,Premium,North India,Institutional,1465,250,339982.55,263700,106759.99,0.07,340612.5
2408,2024-05-05,2025,May,Q2,Oreo,Mid-range,North India,Institutional,584,40,26675.34,16352,5116.05,0.05,22192
2409,2024-05-04,2024,May,Q2,Fuse,Value,North India,Modern Trade,1295,35,46586.23,31080,15842.22,0,45325
2410,2024-05-15,2025,May,Q2,Caramel,Mid-range,North India,E-Commerce,751,55,43267.56,28538,8595.95,0.02,40478.9
2411,2024-05-01,2024,May,Q2,Dairy Milk,Mid-range,South India,Modern Trade,676,45,37625.55,23660,10034,0.01,30115.8
2412,2024-05-10,2023,May,Q2,Dairy Milk Silk,Premium,South India,Institutional,644,75,67316.2,33488,21478.75,0.05,45885
2413,2024-05-26,2024,May,Q2,5 Star,Value,South India,Institutional,960,30,19386.68,21120,5369.86,0.07,26784
2414,2024-05-25,2023,May,Q2,Perk,Value,South India,Modern Trade,876,25,19374.69,15768,5486.76,0.01,21681
2415,2024-05-13,2023,May,Q2,Bournville,Premium,South India,General Trade,314,90,29867.99,20410,9524.42,0.04,27129.6
2416,2024-05-07,2025,May,Q2,Gems,Value,South India,Modern Trade,1312,20,25259.56,18368,5372.6,0.07,24403.2
2417,2024-05-01,2025,May,Q2,Celebrations Box,Premium,South India,E-Commerce,1873,250,438698.04,337140,133473.21,0.06,440155
2418,2024-05-13,2023,May,Q2,Oreo,Mid-range,South India,Modern Trade,1773,40,61899.34,49644,11904.56,0.11,63118.8
2419,2024-05-02,2025,May,Q2,Fuse,Value,South India,Institutional,706,35,25515.05,16944,7465.16,0.11,21991.9
2420,2024-05-04,2025,May,Q2,Caramel,Mid-range,South India,General Trade,1143,55,63280.74,43434,12766.8,0.11,55949.85
2421,2024-05-10,2025,May,Q2,Dairy Milk,Mid-range,West India,General Trade,1168,45,87730.43,40880,19100.78,0.06,49406.4
2422,2024-05-02,2023,May,Q2,Dairy Milk Silk,Premium,West India,E-Commerce,524,75,49600.76,27248,10975.95,0.09,35763
2423,2024-05-10,2023,May,Q2,5 Star,Value,West India,Modern Trade,718,30,14946.6,15796,3252.92,0.07,20032.2
2424,2024-05-28,2024,May,Q2,Perk,Value,West India,General Trade,938,25,19737.8,16884,5364.43,0.13,20401.5
2425,2024-05-14,2023,May,Q2,Bournville,Premium,West India,General Trade,431,90,45554.08,28015,13919.97,0.04,37238.4
2426,2024-05-09,2023,May,Q2,Gems,Value,West India,E-Commerce,230,20,5239.49,3220,1519.37,0.03,4462
2427,2024-05-01,2023,May,Q2,Celebrations Box,Premium,West India,Modern Trade,1010,250,235692.58,181800,65176.79,0.12,222200
2428,2024-05-16,2025,May,Q2,Oreo,Mid-range,West India,Modern Trade,1390,40,52650.47,38920,11051.4,0.12,48928
2429,2024-05-08,2025,May,Q2,Fuse,Value,West India,General Trade,960,35,31007.14,23040,10646.06,0.12,29568
2430,2024-05-20,2025,May,Q2,Caramel,Mid-range,West India,General Trade,1223,55,65384.07,46474,15668.34,0.01,66592.35
2431,2024-05-02,2023,May,Q2,Dairy Milk,Mid-range,East India,E-Commerce,1755,45,110847.68,61425,31160.67,0.09,71867.25
2432,2024-05-18,2025,May,Q2,Dairy Milk Silk,Premium,East India,E-Commerce,1520,75,167353.16,79040,55513.79,0.02,111720
2433,2024-05-11,2024,May,Q2,5 Star,Value,East India,Modern Trade,457,30,10116.48,10054,2922.52,0.07,12750.3
2434,2024-05-24,2025,May,Q2,Perk,Value,East India,E-Commerce,1849,25,31464.74,33282,10334.34,0.13,40215.75
2435,2024-05-12,2024,May,Q2,Bournville,Premium,East India,General Trade,243,90,27017.08,15795,6057.31,0.1,19683
2436,2024-05-16,2023,May,Q2,Gems,Value,East India,General Trade,713,20,14657.69,9982,4413.7,0.13,12406.2
2437,2024-05-23,2023,May,Q2,Celebrations Box,Premium,East India,Institutional,1344,250,386754.26,241920,107412.88,0.04,322560
2438,2024-05-18,2025,May,Q2,Oreo,Mid-range,East India,Institutional,588,40,26784.99,16464,7224.67,0.09,21403.2
2439,2024-05-09,2025,May,Q2,Fuse,Value,East India,E-Commerce,862,35,36021.16,20688,8554.81,0.11,26851.3
2440,2024-05-15,2023,May,Q2,Caramel,Mid-range,East India,General Trade,341,55,22173.73,12958,4649.22,0.08,17254.6
2441,2024-05-12,2023,May,Q2,Dairy Milk,Mid-range,International,E-Commerce,1878,45,143417.25,65730,38486.63,0.04,81129.6
2442,2024-05-17,2024,May,Q2,Dairy Milk Silk,Premium,International,Institutional,201,75,22391.13,10452,6690.34,0.12,13266
2443,2024-05-01,2023,May,Q2,5 Star,Value,International,Institutional,1702,30,35630.51,37444,9694.61,0.03,49528.2
2444,2024-05-11,2023,May,Q2,Perk,Value,International,E-Commerce,1789,25,31081.39,32202,9524.79,0.09,40699.75
2445,2024-05-27,2024,May,Q2,Bournville,Premium,International,Modern Trade,1548,90,181719.91,100620,53394.54,0.15,118422
2446,2024-05-16,2025,May,Q2,Gems,Value,International,Institutional,588,20,11444.47,8232,3729.59,0.08,10819.2
2447,2024-05-14,2023,May,Q2,Celebrations Box,Premium,International,General Trade,1455,250,346194.63,261900,68289.64,0.04,349200
2448,2024-05-22,2024,May,Q2,Oreo,Mid-range,International,E-Commerce,426,40,18879.25,11928,6511.62,0.01,16869.6
2449,2024-05-05,2025,May,Q2,Fuse,Value,International,Modern Trade,289,35,10549.1,6936,2274.69,0.13,8800.05
2450,2024-05-04,2023,May,Q2,Caramel,Mid-range,International,General Trade,1988,55,129090.7,75544,30340.71,0,109340
2451,2024-06-19,2024,Jun,Q2,Dairy Milk,Mid-range,North India,Institutional,592,45,33032.48,20720,9917.92,0.01,26373.6
2452,2024-06-20,2023,Jun,Q2,Dairy Milk Silk,Premium,North India,Institutional,1547,75,180160.92,80444,32647.31,0.07,107903.25
2453,2024-06-20,2023,Jun,Q2,5 Star,Value,North India,E-Commerce,300,30,6741.99,6600,1939.93,0.05,8550
2454,2024-06-07,2024,Jun,Q2,Perk,Value,North India,Modern Trade,226,25,5007.37,4068,1378.09,0.14,4859
2455,2024-06-26,2023,Jun,Q2,Bournville,Premium,North India,Institutional,1904,90,213575.57,123760,48119.84,0.01,169646.4
2456,2024-06-14,2025,Jun,Q2,Gems,Value,North India,Modern Trade,939,20,17256.32,13146,5444.52,0.08,17277.6
2457,2024-06-27,2025,Jun,Q2,Celebrations Box,Premium,North India,E-Commerce,1826,250,409660.37,328680,126727.44,0.11,406285
2458,2024-06-03,2024,Jun,Q2,Oreo,Mid-range,North India,E-Commerce,1283,40,45734.13,35924,9282.09,0.01,50806.8
2459,2024-06-17,2025,Jun,Q2,Fuse,Value,North India,E-Commerce,359,35,10864.57,8616,2498.65,0.14,10805.9
2460,2024-06-18,2025,Jun,Q2,Caramel,Mid-range,North India,Modern Trade,407,55,22038.33,15466,5039.66,0.11,19922.65
2461,2024-06-22,2025,Jun,Q2,Dairy Milk,Mid-range,South India,Institutional,588,45,42891.02,20580,9067.2,0.03,25666.2
2462,2024-06-06,2025,Jun,Q2,Dairy Milk Silk,Premium,South India,General Trade,1367,75,155397.17,71084,42364.6,0.09,93297.75
2463,2024-06-21,2024,Jun,Q2,5 Star,Value,South India,Institutional,1728,30,44747.1,38016,12140.94,0.02,50803.2
2464,2024-06-22,2024,Jun,Q2,Perk,Value,South India,E-Commerce,1581,25,33011.75,28458,7623.51,0.07,36758.25
2465,2024-06-06,2023,Jun,Q2,Bournville,Premium,South India,Institutional,413,90,48084.23,26845,12873.48,0.03,36054.9
2466,2024-06-06,2025,Jun,Q2,Gems,Value,South India,Institutional,1233,20,22813.3,17262,6987.43,0.05,23427
2467,2024-06-18,2025,Jun,Q2,Celebrations Box,Premium,South India,Institutional,921,250,272787.35,165780,90931.5,0.14,198015
2468,2024-06-25,2025,Jun,Q2,Oreo,Mid-range,South India,E-Commerce,1930,40,68120.51,54040,13476.04,0.06,72568
2469,2024-06-20,2025,Jun,Q2,Fuse,Value,South India,Institutional,1891,35,59240.97,45384,18776.02,0.11,58904.65
2470,2024-06-13,2023,Jun,Q2,Caramel,Mid-range,South India,General Trade,1353,55,66631.88,51414,16538.01,0.08,68461.8
2471,2024-06-15,2023,Jun,Q2,Dairy Milk,Mid-range,West India,E-Commerce,937,45,65523.65,32795,21230.26,0.14,36261.9
2472,2024-06-10,2024,Jun,Q2,Dairy Milk Silk,Premium,West India,Institutional,200,75,25276.74,10400,8304.34,0.11,13350
2473,2024-06-10,2024,Jun,Q2,5 Star,Value,West India,Modern Trade,1260,30,27646.03,27720,8996.14,0.02,37044
2474,2024-06-07,2024,Jun,Q2,Perk,Value,West India,Modern Trade,815,25,17740.56,14670,5311.29,0.15,17318.75
2475,2024-06-23,2025,Jun,Q2,Bournville,Premium,West India,E-Commerce,244,90,25507.69,15860,5800.51,0.12,19324.8
2476,2024-06-19,2025,Jun,Q2,Gems,Value,West India,E-Commerce,1333,20,24574.71,18662,5624.62,0.08,24527.2
2477,2024-06-12,2025,Jun,Q2,Celebrations Box,Premium,West India,General Trade,393,250,84596.07,70740,19585.02,0.01,97267.5
2478,2024-06-19,2024,Jun,Q2,Oreo,Mid-range,West India,General Trade,483,40,19742.4,13524,4969.2,0.04,18547.2
2479,2024-06-10,2024,Jun,Q2,Fuse,Value,West India,General Trade,677,35,21184.83,16248,4473.76,0.04,22747.2
2480,2024-06-07,2025,Jun,Q2,Caramel,Mid-range,West India,Modern Trade,1368,55,79068.01,51984,15590.9,0.06,70725.6
2481,2024-06-16,2023,Jun,Q2,Dairy Milk,Mid-range,East India,Modern Trade,1681,45,94128.98,58835,20835.15,0.05,71862.75
2482,2024-06-23,2025,Jun,Q2,Dairy Milk Silk,Premium,East India,General Trade,1199,75,141197.62,62348,39568.78,0.12,79134
2483,2024-06-02,2024,Jun,Q2,5 Star,Value,East India,Modern Trade,1419,30,34909.6,31218,6531.69,0.1,38313
2484,2024-06-25,2024,Jun,Q2,Perk,Value,East India,Institutional,360,25,5855.52,6480,1323.18,0.12,7920
2485,2024-06-14,2025,Jun,Q2,Bournville,Premium,East India,E-Commerce,912,90,106024.02,59280,22581.87,0.13,71409.6
2486,2024-06-25,2023,Jun,Q2,Gems,Value,East India,Institutional,1977,20,39743.1,27678,7838.2,0.02,38749.2
2487,2024-06-20,2025,Jun,Q2,Celebrations Box,Premium,East India,General Trade,1731,250,487715.52,311580,146055.98,0.1,389475
2488,2024-06-13,2024,Jun,Q2,Oreo,Mid-range,East India,Modern Trade,1498,40,59817.83,41944,20837.76,0.12,52729.6
2489,2024-06-11,2024,Jun,Q2,Fuse,Value,East India,Modern Trade,824,35,24988.3,19776,7372.53,0.08,26532.8
2490,2024-06-08,2023,Jun,Q2,Caramel,Mid-range,East India,General Trade,869,55,54289.01,33022,11017.62,0.08,43971.4
2491,2024-06-13,2023,Jun,Q2,Dairy Milk,Mid-range,International,General Trade,303,45,20954.6,10605,5924.77,0.1,12271.5
2492,2024-06-17,2025,Jun,Q2,Dairy Milk Silk,Premium,International,Institutional,1741,75,184865.22,90532,52648.07,0.09,118823.25
2493,2024-06-26,2025,Jun,Q2,5 Star,Value,International,Modern Trade,654,30,13723.67,14388,2979.86,0.06,18442.8
2494,2024-06-03,2024,Jun,Q2,Perk,Value,International,Institutional,503,25,9895.51,9054,2203.16,0.02,12323.5
2495,2024-06-18,2024,Jun,Q2,Bournville,Premium,International,Institutional,1370,90,160837.96,89050,30593.95,0.11,109737
2496,2024-06-17,2024,Jun,Q2,Gems,Value,International,Institutional,737,20,15441.1,10318,3468.23,0.01,14592.6
2497,2024-06-25,2024,Jun,Q2,Celebrations Box,Premium,International,Institutional,1784,250,436978.23,321120,102498.62,0.1,401400
2498,2024-06-16,2025,Jun,Q2,Oreo,Mid-range,International,General Trade,1184,40,51431.55,33152,14175.58,0.08,43571.2
2499,2024-06-18,2023,Jun,Q2,Fuse,Value,International,Institutional,1535,35,57604.29,36840,16259.98,0.09,48889.75
2500,2024-06-25,2025,Jun,Q2,Caramel,Mid-range,International,General Trade,696,55,33273.55,26448,9314.52,0.01,37897.2
2501,2024-07-19,2024,Jul,Q3,Dairy Milk,Mid-range,North India,Institutional,862,45,66874.58,30170,21646.3,0.1,34911
2502,2024-07-14,2024,Jul,Q3,Dairy Milk Silk,Premium,North India,Modern Trade,430,75,47379.71,22360,14121.43,0.1,29025
2503,2024-07-12,2023,Jul,Q3,5 Star,Value,North India,E-Commerce,913,30,24359.69,20086,4967.7,0.03,26568.3
2504,2024-07-12,2023,Jul,Q3,Perk,Value,North India,Modern Trade,1776,25,31502.34,31968,9219.8,0.05,42180
2505,2024-07-02,2024,Jul,Q3,Bournville,Premium,North India,Institutional,1476,90,171228.41,95940,34229.69,0.02,130183.2
2506,2024-07-05,2025,Jul,Q3,Gems,Value,North India,General Trade,608,20,11805.6,8512,3149.57,0.1,10944
2507,2024-07-08,2023,Jul,Q3,Celebrations Box,Premium,North India,Modern Trade,430,250,100363.81,77400,30216.44,0.11,95675
2508,2024-07-10,2025,Jul,Q3,Oreo,Mid-range,North India,General Trade,1979,40,67638.31,55412,13264.83,0.12,69660.8
2509,2024-07-04,2024,Jul,Q3,Fuse,Value,North India,Modern Trade,903,35,27824.95,21672,5443.52,0.1,28444.5
2510,2024-07-11,2024,Jul,Q3,Caramel,Mid-range,North India,E-Commerce,1121,55,54409.89,42598,10164.69,0.07,57339.15
2511,2024-07-07,2023,Jul,Q3,Dairy Milk,Mid-range,South India,General Trade,1715,45,128188.73,60025,32189.16,0.08,71001
2512,2024-07-24,2023,Jul,Q3,Dairy Milk Silk,Premium,South India,E-Commerce,1323,75,150396.2,68796,45934.36,0.07,92279.25
2513,2024-07-01,2023,Jul,Q3,5 Star,Value,South India,General Trade,1623,30,35834.06,35706,11144.6,0.1,43821
2514,2024-07-17,2025,Jul,Q3,Perk,Value,South India,Institutional,1393,25,29064.89,25074,7888.01,0.14,29949.5
2515,2024-07-10,2024,Jul,Q3,Bournville,Premium,South India,Modern Trade,723,90,73374.35,46995,19410.84,0.03,63117.9
2516,2024-07-09,2023,Jul,Q3,Gems,Value,South India,General Trade,1816,20,33187.04,25424,10809.84,0.1,32688
2517,2024-07-01,2023,Jul,Q3,Celebrations Box,Premium,South India,Modern Trade,1152,250,289991.92,207360,71019.73,0.1,259200
2518,2024-07-22,2023,Jul,Q3,Oreo,Mid-range,South India,Modern Trade,995,40,35095.92,27860,8169.37,0.1,35820
2519,2024-07-10,2023,Jul,Q3,Fuse,Value,South India,E-Commerce,1970,35,68531.42,47280,18214.29,0.02,67571
2520,2024-07-17,2023,Jul,Q3,Caramel,Mid-range,South India,Institutional,673,55,43447.52,25574,11154.81,0.15,31462.75
2521,2024-07-20,2025,Jul,Q3,Dairy Milk,Mid-range,West India,Modern Trade,846,45,60534.36,29610,16926.25,0.07,35405.1
2522,2024-07-15,2024,Jul,Q3,Dairy Milk Silk,Premium,West India,Modern Trade,581,75,71083.69,30212,20209.48,0.03,42267.75
2523,2024-07-17,2023,Jul,Q3,5 Star,Value,West India,Modern Trade,281,30,5680.67,6182,1704.41,0.04,8092.8
2524,2024-07-24,2024,Jul,Q3,Perk,Value,West India,E-Commerce,883,25,16008.41,15894,4890.19,0.07,20529.75
2525,2024-07-12,2024,Jul,Q3,Bournville,Premium,West India,General Trade,237,90,21984.23,15405,6306.99,0.05,20263.5
2526,2024-07-17,2023,Jul,Q3,Gems,Value,West India,E-Commerce,1480,20,25188.85,20720,6530.75,0.05,28120
2527,2024-07-09,2023,Jul,Q3,Celebrations Box,Premium,West India,E-Commerce,1862,250,538344.39,335160,154439.56,0.01,460845
2528,2024-07-18,2025,Jul,Q3,Oreo,Mid-range,West India,Institutional,1868,40,68196.65,52304,16990.87,0.15,63512
2529,2024-07-13,2025,Jul,Q3,Fuse,Value,West India,E-Commerce,661,35,24397.63,15864,6537.58,0.02,22672.3
2530,2024-07-17,2023,Jul,Q3,Caramel,Mid-range,West India,General Trade,379,55,19602.17,14402,4073.34,0.11,18552.05
2531,2024-07-05,2023,Jul,Q3,Dairy Milk,Mid-range,East India,General Trade,1054,45,81142.03,36890,16331.16,0.04,45532.8
2532,2024-07-11,2024,Jul,Q3,Dairy Milk Silk,Premium,East India,Institutional,839,75,85172.54,43628,26152.23,0.14,54115.5
2533,2024-07-21,2025,Jul,Q3,5 Star,Value,East India,Institutional,1310,30,27516.31,28820,6246.99,0.02,38514
2534,2024-07-26,2023,Jul,Q3,Perk,Value,East India,General Trade,1389,25,22211.99,25002,4715.14,0.08,31947
2535,2024-07-23,2025,Jul,Q3,Bournville,Premium,East India,General Trade,1966,90,221576.34,127790,46771.43,0.02,173401.2
2536,2024-07-25,2023,Jul,Q3,Gems,Value,East India,General Trade,1080,20,25379.42,15120,7400.36,0.15,18360
2537,2024-07-06,2023,Jul,Q3,Celebrations Box,Premium,East India,General Trade,1543,250,343482.08,277740,83061.64,0.14,331745
2538,2024-07-24,2023,Jul,Q3,Oreo,Mid-range,East India,E-Commerce,338,40,15595.86,9464,4139.62,0.08,12438.4
2539,2024-07-05,2023,Jul,Q3,Fuse,Value,East India,Modern Trade,577,35,21310.84,13848,4851.05,0.05,19185.25
2540,2024-07-14,2023,Jul,Q3,Caramel,Mid-range,East India,Modern Trade,1767,55,93547.77,67146,32562.72,0.05,92325.75
2541,2024-07-27,2023,Jul,Q3,Dairy Milk,Mid-range,International,Institutional,821,45,52958.69,28735,12423.03,0.07,34358.85
2542,2024-07-04,2024,Jul,Q3,Dairy Milk Silk,Premium,International,E-Commerce,511,75,64238.34,26572,21250.78,0.12,33726
2543,2024-07-20,2025,Jul,Q3,5 Star,Value,International,General Trade,578,30,11728.63,12716,2211.77,0,17340
2544,2024-07-08,2025,Jul,Q3,Perk,Value,International,E-Commerce,1440,25,27353.01,25920,7557.18,0.09,32760
2545,2024-07-12,2025,Jul,Q3,Bournville,Premium,International,General Trade,672,90,64757.48,43680,14666.49,0.1,54432
2546,2024-07-05,2024,Jul,Q3,Gems,Value,International,Modern Trade,1609,20,36502.37,22526,11671.74,0.12,28318.4
2547,2024-07-06,2024,Jul,Q3,Celebrations Box,Premium,International,Institutional,1658,250,401374.26,298440,83250.58,0.1,373050
2548,2024-07-06,2023,Jul,Q3,Oreo,Mid-range,International,Institutional,1206,40,55196.97,33768,13801.31,0.07,44863.2
2549,2024-07-25,2024,Jul,Q3,Fuse,Value,International,General Trade,663,35,21536.76,15912,5897.14,0,23205
2550,2024-07-08,2024,Jul,Q3,Caramel,Mid-range,International,Modern Trade,752,55,44718.33,28576,9245.88,0.14,35569.6
2551,2024-08-06,2023,Aug,Q3,Dairy Milk,Mid-range,North India,General Trade,1751,45,112582.4,61285,27169.1,0.03,76431.15
2552,2024-08-23,2023,Aug,Q3,Dairy Milk Silk,Premium,North India,Institutional,1975,75,207804.08,102700,61312.92,0.09,134793.75
2553,2024-08-08,2023,Aug,Q3,5 Star,Value,North India,E-Commerce,1975,30,44918.18,43450,13650.86,0.07,55102.5
2554,2024-08-20,2024,Aug,Q3,Perk,Value,North India,Institutional,1029,25,20902.16,18522,3926.9,0.12,22638
2555,2024-08-20,2023,Aug,Q3,Bournville,Premium,North India,Institutional,1674,90,184639.73,108810,56777.08,0.05,143127
2556,2024-08-15,2025,Aug,Q3,Gems,Value,North India,Modern Trade,1266,20,21529.94,17724,4558.54,0.02,24813.6
2557,2024-08-17,2023,Aug,Q3,Celebrations Box,Premium,North India,Modern Trade,1997,250,490577.42,359460,113722.31,0.15,424362.5
2558,2024-08-13,2025,Aug,Q3,Oreo,Mid-range,North India,Institutional,1705,40,77792.74,47740,25147.72,0.01,67518
2559,2024-08-13,2024,Aug,Q3,Fuse,Value,North India,Modern Trade,588,35,18960.97,14112,6185.57,0.04,19756.8
2560,2024-08-15,2024,Aug,Q3,Caramel,Mid-range,North India,E-Commerce,1784,55,114022.17,67792,21767.76,0.12,86345.6
2561,2024-08-02,2023,Aug,Q3,Dairy Milk,Mid-range,South India,General Trade,1065,45,71783.15,37275,18079.42,0.04,46008
2562,2024-08-15,2023,Aug,Q3,Dairy Milk Silk,Premium,South India,General Trade,1149,75,148186.21,59748,46271.95,0.12,75834
2563,2024-08-06,2023,Aug,Q3,5 Star,Value,South India,Modern Trade,1679,30,34494.55,36938,7913.79,0.08,46340.4
2564,2024-08-15,2023,Aug,Q3,Perk,Value,South India,General Trade,1005,25,17834.23,18090,5330.5,0.06,23617.5
2565,2024-08-23,2023,Aug,Q3,Bournville,Premium,South India,Modern Trade,566,90,53603.17,36790,13199.26,0.07,47374.2
2566,2024-08-11,2023,Aug,Q3,Gems,Value,South India,General Trade,1131,20,27111.09,15834,6115.52,0.01,22393.8
2567,2024-08-03,2025,Aug,Q3,Celebrations Box,Premium,South India,General Trade,1671,250,393229.65,300780,114444.81,0.11,371797.5
2568,2024-08-12,2025,Aug,Q3,Oreo,Mid-range,South India,Modern Trade,1646,40,69388.93,46088,16839.11,0.07,61231.2
2569,2024-08-24,2025,Aug,Q3,Fuse,Value,South India,Modern Trade,1272,35,42571.43,30528,14275.36,0.11,39622.8
2570,2024-08-02,2024,Aug,Q3,Caramel,Mid-range,South India,General Trade,975,55,53881.41,37050,17928.19,0.08,49335
2571,2024-08-22,2023,Aug,Q3,Dairy Milk,Mid-range,West India,General Trade,886,45,65784.87,31010,12063.74,0.08,36680.4
2572,2024-08-06,2025,Aug,Q3,Dairy Milk Silk,Premium,West India,General Trade,532,75,53724.79,27664,18560.75,0.13,34713
2573,2024-08-24,2024,Aug,Q3,5 Star,Value,West India,Modern Trade,1059,30,22427.68,23298,5773.77,0.05,30181.5
2574,2024-08-04,2024,Aug,Q3,Perk,Value,West India,Institutional,791,25,13321.71,14238,2618.53,0.09,17995.25
2575,2024-08-25,2025,Aug,Q3,Bournville,Premium,West India,General Trade,615,90,72672.63,39975,18056.82,0,55350
2576,2024-08-28,2024,Aug,Q3,Gems,Value,West India,E-Commerce,225,20,4434.98,3150,937.88,0.07,4185
2577,2024-08-20,2025,Aug,Q3,Celebrations Box,Premium,West India,Institutional,1313,250,366910.34,236340,124264.63,0.12,288860
2578,2024-08-22,2023,Aug,Q3,Oreo,Mid-range,West India,Institutional,687,40,30132.84,19236,6154.54,0.03,26655.6
2579,2024-08-03,2024,Aug,Q3,Fuse,Value,West India,Institutional,1129,35,35585.08,27096,7098.11,0.06,37144.1
2580,2024-08-09,2024,Aug,Q3,Caramel,Mid-range,West India,Modern Trade,701,55,36135.99,26638,12201.62,0.13,33542.85
2581,2024-08-02,2023,Aug,Q3,Dairy Milk,Mid-range,East India,General Trade,300,45,23307.14,10500,6483.13,0.03,13095
2582,2024-08-02,2024,Aug,Q3,Dairy Milk Silk,Premium,East India,E-Commerce,275,75,25800.32,14300,5070.5,0.02,20212.5
2583,2024-08-02,2025,Aug,Q3,5 Star,Value,East India,E-Commerce,878,30,21997.42,19316,6829.37,0.14,22652.4
2584,2024-08-06,2023,Aug,Q3,Perk,Value,East India,Modern Trade,1053,25,21377.98,18954,5690.91,0.15,22376.25
2585,2024-08-23,2024,Aug,Q3,Bournville,Premium,East India,E-Commerce,1451,90,166138.28,94315,53552.66,0.1,117531
2586,2024-08-12,2025,Aug,Q3,Gems,Value,East India,General Trade,1132,20,19451.91,15848,5466.92,0.11,20149.6
2587,2024-08-11,2023,Aug,Q3,Celebrations Box,Premium,East India,Modern Trade,390,250,97471.16,70200,25765.67,0.12,85800
2588,2024-08-25,2023,Aug,Q3,Oreo,Mid-range,East India,E-Commerce,976,40,34020.85,27328,9005.93,0.12,34355.2
2589,2024-08-10,2023,Aug,Q3,Fuse,Value,East India,Institutional,1927,35,80491.48,46248,26392.84,0.08,62049.4
2590,2024-08-28,2023,Aug,Q3,Caramel,Mid-range,East India,Institutional,475,55,26964.32,18050,9135.01,0.02,25602.5
2591,2024-08-17,2023,Aug,Q3,Dairy Milk,Mid-range,International,E-Commerce,874,45,62053.3,30590,17627.06,0.08,36183.6
2592,2024-08-02,2023,Aug,Q3,Dairy Milk Silk,Premium,International,General Trade,1625,75,183045,84500,35496.68,0.03,118218.75
2593,2024-08-21,2024,Aug,Q3,5 Star,Value,International,Modern Trade,1370,30,36514.87,30140,11143.43,0.11,36579
2594,2024-08-20,2025,Aug,Q3,Perk,Value,International,Modern Trade,1190,25,26161.83,21420,6750.69,0.11,26477.5
2595,2024-08-11,2023,Aug,Q3,Bournville,Premium,International,E-Commerce,1074,90,111529.22,69810,26379.04,0.09,87960.6
2596,2024-08-20,2023,Aug,Q3,Gems,Value,International,E-Commerce,1276,20,27258.71,17864,5509.83,0.09,23223.2
2597,2024-08-16,2024,Aug,Q3,Celebrations Box,Premium,International,E-Commerce,465,250,138592.18,83700,46114.65,0.09,105787.5
2598,2024-08-20,2025,Aug,Q3,Oreo,Mid-range,International,Institutional,1208,40,50628.45,33824,14045.51,0.12,42521.6
2599,2024-08-07,2023,Aug,Q3,Fuse,Value,International,General Trade,1651,35,69004.39,39624,19100.65,0.04,55473.6
2600,2024-08-21,2024,Aug,Q3,Caramel,Mid-range,International,Modern Trade,442,55,22821.13,16796,5192.29,0,24310
2601,2024-09-26,2025,Sep,Q3,Dairy Milk,Mid-range,North India,Modern Trade,1710,45,119335.97,59850,32482.55,0.13,66946.5
2602,2024-09-12,2025,Sep,Q3,Dairy Milk Silk,Premium,North India,Institutional,1047,75,99658.85,54444,34457.36,0.01,77739.75
2603,2024-09-23,2024,Sep,Q3,5 Star,Value,North India,General Trade,223,30,5155,4906,1694.18,0.1,6021
2604,2024-09-10,2023,Sep,Q3,Perk,Value,North India,E-Commerce,721,25,14553.45,12978,4692.6,0.12,15862
2605,2024-09-25,2023,Sep,Q3,Bournville,Premium,North India,E-Commerce,1237,90,112586.24,80405,22574.87,0.08,102423.6
2606,2024-09-11,2025,Sep,Q3,Gems,Value,North India,Modern Trade,433,20,10137.71,6062,2995.7,0.1,7794
2607,2024-09-01,2023,Sep,Q3,Celebrations Box,Premium,North India,Institutional,1683,250,458928.69,302940,134380.87,0.09,382882.5
2608,2024-09-11,2023,Sep,Q3,Oreo,Mid-range,North India,General Trade,597,40,23876.25,16716,5736.65,0.05,22686
2609,2024-09-21,2024,Sep,Q3,Fuse,Value,North India,Institutional,1171,35,38814.86,28104,12448.63,0.12,36066.8
2610,2024-09-15,2023,Sep,Q3,Caramel,Mid-range,North India,General Trade,1186,55,74881.45,45068,15859.09,0.02,63925.4
2611,2024-09-14,2024,Sep,Q3,Dairy Milk,Mid-range,South India,E-Commerce,1147,45,69370.6,40145,12786.26,0.12,45421.2
2612,2024-09-19,2025,Sep,Q3,Dairy Milk Silk,Premium,South India,Modern Trade,1910,75,207686.83,99320,42972.7,0.08,131790
2613,2024-09-07,2023,Sep,Q3,5 Star,Value,South India,E-Commerce,1337,30,33504.7,29414,7194.42,0.08,36901.2
2614,2024-09-26,2024,Sep,Q3,Perk,Value,South India,E-Commerce,1837,25,35630.27,33066,9431.68,0.14,39495.5
2615,2024-09-09,2025,Sep,Q3,Bournville,Premium,South India,E-Commerce,335,90,35907.88,21775,6476.82,0.15,25627.5
2616,2024-09-21,2023,Sep,Q3,Gems,Value,South India,Modern Trade,894,20,18621.02,12516,4601,0.15,15198
2617,2024-09-06,2023,Sep,Q3,Celebrations Box,Premium,South India,General Trade,1369,250,388470.67,246420,125160.67,0.09,311447.5
2618,2024-09-10,2024,Sep,Q3,Oreo,Mid-range,South India,Modern Trade,1970,40,83910.54,55160,16527.21,0.12,69344
2619,2024-09-14,2024,Sep,Q3,Fuse,Value,South India,E-Commerce,1653,35,61056.44,39672,16186.63,0,57855
2620,2024-09-12,2024,Sep,Q3,Caramel,Mid-range,South India,Modern Trade,1217,55,71251.76,46246,19177.43,0.13,58233.45
2621,2024-09-07,2024,Sep,Q3,Dairy Milk,Mid-range,West India,Institutional,1898,45,139782.25,66430,44020.1,0.14,73452.6
2622,2024-09-26,2024,Sep,Q3,Dairy Milk Silk,Premium,West India,E-Commerce,558,75,72173.45,29016,23414.22,0.02,41013
2623,2024-09-03,2025,Sep,Q3,5 Star,Value,West India,Modern Trade,1792,30,41016.64,39424,8085.04,0.03,52147.2
2624,2024-09-16,2024,Sep,Q3,Perk,Value,West India,Institutional,1236,25,19758.51,22248,4882.29,0,30900
2625,2024-09-16,2024,Sep,Q3,Bournville,Premium,West India,General Trade,589,90,60067.38,38285,15754.43,0.05,50359.5
2626,2024-09-25,2024,Sep,Q3,Gems,Value,West India,E-Commerce,1788,20,40760.45,25032,11211.24,0.05,33972
2627,2024-09-17,2024,Sep,Q3,Celebrations Box,Premium,West India,Modern Trade,1883,250,549878.22,338940,187945.45,0.15,400137.5
2628,2024-09-15,2023,Sep,Q3,Oreo,Mid-range,West India,General Trade,620,40,27330.9,17360,6732.37,0.11,22072
2629,2024-09-04,2024,Sep,Q3,Fuse,Value,West India,Institutional,1661,35,56300.18,39864,18068.98,0.13,50577.45
2630,2024-09-22,2025,Sep,Q3,Caramel,Mid-range,West India,Modern Trade,836,55,39566.55,31768,9481.92,0.14,39542.8
2631,2024-09-02,2024,Sep,Q3,Dairy Milk,Mid-range,East India,Modern Trade,882,45,61341.02,30870,14606.37,0.07,36911.7
2632,2024-09-24,2025,Sep,Q3,Dairy Milk Silk,Premium,East India,Modern Trade,1266,75,148704.02,65832,42349.63,0.11,84505.5
2633,2024-09-10,2023,Sep,Q3,5 Star,Value,East India,E-Commerce,246,30,6294.43,5412,1226.64,0.09,6715.8
2634,2024-09-10,2023,Sep,Q3,Perk,Value,East India,General Trade,857,25,17545.71,15426,4585.41,0.03,20782.25
2635,2024-09-15,2023,Sep,Q3,Bournville,Premium,East India,E-Commerce,1290,90,133369.57,83850,46356.86,0.05,110295
2636,2024-09-09,2023,Sep,Q3,Gems,Value,East India,Modern Trade,758,20,15905.59,10612,4852.14,0.02,14856.8
2637,2024-09-18,2025,Sep,Q3,Celebrations Box,Premium,East India,Modern Trade,231,250,56857.73,41580,10984.86,0.14,49665
2638,2024-09-18,2024,Sep,Q3,Oreo,Mid-range,East India,Modern Trade,623,40,24823.23,17444,7897.94,0.08,22926.4
2639,2024-09-23,2024,Sep,Q3,Fuse,Value,East India,E-Commerce,755,35,28013.15,18120,8312.32,0.02,25896.5
2640,2024-09-03,2025,Sep,Q3,Caramel,Mid-range,East India,E-Commerce,1375,55,79432.96,52250,19180.67,0.04,72600
2641,2024-09-18,2024,Sep,Q3,Dairy Milk,Mid-range,International,E-Commerce,1455,45,82259.39,50925,25117.54,0.13,56963.25
2642,2024-09-16,2023,Sep,Q3,Dairy Milk Silk,Premium,International,Institutional,303,75,33763.71,15756,8590.81,0.02,22270.5
2643,2024-09-03,2025,Sep,Q3,5 Star,Value,International,Modern Trade,416,30,9230.17,9152,2270.57,0.06,11731.2
2644,2024-09-20,2023,Sep,Q3,Perk,Value,International,Institutional,1002,25,17166.79,18036,5732.49,0.03,24298.5
2645,2024-09-11,2025,Sep,Q3,Bournville,Premium,International,Institutional,1462,90,160241.81,95030,50299.85,0.05,125001
2646,2024-09-26,2024,Sep,Q3,Gems,Value,International,General Trade,1660,20,39228.74,23240,7429.92,0.11,29548
2647,2024-09-19,2023,Sep,Q3,Celebrations Box,Premium,International,Modern Trade,1747,250,481078.48,314460,97303.16,0.11,388707.5
2648,2024-09-23,2023,Sep,Q3,Oreo,Mid-range,International,General Trade,390,40,18399.13,10920,5957.68,0.12,13728
2649,2024-09-22,2023,Sep,Q3,Fuse,Value,International,Institutional,399,35,14795.91,9576,4181.97,0.07,12987.45
2650,2024-09-08,2023,Sep,Q3,Caramel,Mid-range,International,Institutional,1163,55,59433.19,44194,12261.72,0.03,62046.05
2651,2024-10-09,2024,Oct,Q4,Dairy Milk,Mid-range,North India,General Trade,2748,45,214510.23,96180,72337.93,0.13,107584.2
2652,2024-10-22,2025,Oct,Q4,Dairy Milk Silk,Premium,North India,E-Commerce,1402,75,130213.06,72904,43144.27,0.03,101995.5
2653,2024-10-11,2023,Oct,Q4,5 Star,Value,North India,E-Commerce,2541,30,54040.25,55902,11731.81,0.13,66320.1
2654,2024-10-16,2025,Oct,Q4,Perk,Value,North India,Institutional,1677,25,36241.5,30186,10067.79,0,41925
2655,2024-10-28,2024,Oct,Q4,Bournville,Premium,North India,Modern Trade,1286,90,117667.06,83590,38507.18,0.07,107638.2
2656,2024-10-20,2024,Oct,Q4,Gems,Value,North India,General Trade,1089,20,21168.01,15246,3919.39,0.12,19166.4
2657,2024-10-27,2025,Oct,Q4,Celebrations Box,Premium,North India,General Trade,1736,250,416291.3,312480,124758.92,0.02,425320
2658,2024-10-03,2023,Oct,Q4,Oreo,Mid-range,North India,Modern Trade,1213,40,54545.4,33964,11003.53,0.08,44638.4
2659,2024-10-19,2025,Oct,Q4,Fuse,Value,North India,E-Commerce,1807,35,55869.96,43368,19196.22,0.07,58817.85
2660,2024-10-18,2025,Oct,Q4,Caramel,Mid-range,North India,Institutional,963,55,52773.33,36594,10632.52,0.09,48198.15
2661,2024-10-11,2023,Oct,Q4,Dairy Milk,Mid-range,South India,General Trade,1661,45,125608.81,58135,30881.53,0.06,70260.3
2662,2024-10-14,2025,Oct,Q4,Dairy Milk Silk,Premium,South India,General Trade,2612,75,269968.21,135824,59539.5,0.1,176310
2663,2024-10-18,2024,Oct,Q4,5 Star,Value,South India,Institutional,1905,30,50427.27,41910,12166.54,0.12,50292
2664,2024-10-03,2025,Oct,Q4,Perk,Value,South India,General Trade,775,25,16613.04,13950,3217.49,0.1,17437.5
2665,2024-10-15,2024,Oct,Q4,Bournville,Premium,South India,Institutional,607,90,59107.27,39455,19617.68,0.09,49713.3
2666,2024-10-15,2024,Oct,Q4,Gems,Value,South India,E-Commerce,1870,20,39314.56,26180,9845.8,0.01,37026
2667,2024-10-03,2024,Oct,Q4,Celebrations Box,Premium,South India,General Trade,1162,250,337145.31,209160,64862.26,0.14,249830
2668,2024-10-25,2025,Oct,Q4,Oreo,Mid-range,South India,Modern Trade,2244,40,102840.07,62832,33957.91,0.12,78988.8
2669,2024-10-22,2024,Oct,Q4,Fuse,Value,South India,Institutional,1218,35,48525.66,29232,11550.06,0.07,39645.9
2670,2024-10-05,2025,Oct,Q4,Caramel,Mid-range,South India,Modern Trade,539,55,26696.68,20482,6507.23,0.03,28755.65
2671,2024-10-05,2023,Oct,Q4,Dairy Milk,Mid-range,West India,Modern Trade,2450,45,146440.77,85750,30892.65,0.02,108045
2672,2024-10-20,2023,Oct,Q4,Dairy Milk Silk,Premium,West India,Institutional,1803,75,216777.76,93756,68583.26,0.04,129816
2673,2024-10-11,2023,Oct,Q4,5 Star,Value,West India,Institutional,840,30,19180.15,18480,3813.92,0.03,24444
2674,2024-10-22,2025,Oct,Q4,Perk,Value,West India,E-Commerce,1913,25,42982.44,34434,11194.8,0.12,42086
2675,2024-10-12,2024,Oct,Q4,Bournville,Premium,West India,E-Commerce,1526,90,180204.88,99190,38473.49,0.11,122232.6
2676,2024-10-17,2023,Oct,Q4,Gems,Value,West India,Modern Trade,1950,20,34361.24,27300,8114.93,0,39000
2677,2024-10-10,2023,Oct,Q4,Celebrations Box,Premium,West India,Institutional,2709,250,721257.28,487620,239211.8,0.02,663705
2678,2024-10-02,2025,Oct,Q4,Oreo,Mid-range,West India,Modern Trade,1338,40,52335,37464,11455.45,0.14,46027.2
2679,2024-10-12,2024,Oct,Q4,Fuse,Value,West India,Modern Trade,2296,35,81793.52,55104,19069.38,0.08,73931.2
2680,2024-10-01,2024,Oct,Q4,Caramel,Mid-range,West India,Modern Trade,2748,55,172133.25,104424,55938.5,0.04,145094.4
2681,2024-10-13,2023,Oct,Q4,Dairy Milk,Mid-range,East India,General Trade,1517,45,97170.13,53095,32470.98,0.11,60755.85
2682,2024-10-13,2024,Oct,Q4,Dairy Milk Silk,Premium,East India,E-Commerce,2319,75,283736.01,120588,53930.27,0.06,163489.5
2683,2024-10-06,2024,Oct,Q4,5 Star,Value,East India,Institutional,1842,30,36527.73,40524,9800.47,0.03,53602.2
2684,2024-10-13,2024,Oct,Q4,Perk,Value,East India,Institutional,677,25,13611.18,12186,3759.85,0.03,16417.25
2685,2024-10-10,2024,Oct,Q4,Bournville,Premium,East India,E-Commerce,2688,90,290042.56,174720,67866.11,0.06,227404.8
2686,2024-10-21,2025,Oct,Q4,Gems,Value,East India,General Trade,665,20,14174.85,9310,3319.25,0,13300
2687,2024-10-16,2023,Oct,Q4,Celebrations Box,Premium,East India,Modern Trade,691,250,190295.57,124380,55297.29,0.11,153747.5
2688,2024-10-21,2023,Oct,Q4,Oreo,Mid-range,East India,Institutional,669,40,26848.75,18732,8710.43,0.01,26492.4
2689,2024-10-26,2023,Oct,Q4,Fuse,Value,East India,Institutional,2745,35,97651.95,65880,29106.5,0.07,89349.75
2690,2024-10-17,2025,Oct,Q4,Caramel,Mid-range,East India,Institutional,2066,55,102764.7,78508,31965.89,0.03,110221.1
2691,2024-10-13,2023,Oct,Q4,Dairy Milk,Mid-range,International,Institutional,1861,45,140368.7,65135,44566.72,0.12,73695.6
2692,2024-10-20,2024,Oct,Q4,Dairy Milk Silk,Premium,International,E-Commerce,926,75,100998.14,48152,18971.54,0.03,67366.5
2693,2024-10-24,2025,Oct,Q4,5 Star,Value,International,Modern Trade,1936,30,38203.94,42592,7871.25,0.07,54014.4
2694,2024-10-14,2024,Oct,Q4,Perk,Value,International,General Trade,2321,25,38466.57,41778,11607.42,0.08,53383
2695,2024-10-19,2024,Oct,Q4,Bournville,Premium,International,E-Commerce,375,90,45425.64,24375,15633.94,0.15,28687.5
2696,2024-10-19,2023,Oct,Q4,Gems,Value,International,Institutional,2300,20,42997.14,32200,14592.3,0.06,43240
2697,2024-10-24,2025,Oct,Q4,Celebrations Box,Premium,International,Institutional,2259,250,516008.95,406620,156642.61,0.01,559102.5
2698,2024-10-17,2023,Oct,Q4,Oreo,Mid-range,International,E-Commerce,1612,40,76870.05,45136,24597.47,0.08,59321.6
2699,2024-10-24,2023,Oct,Q4,Fuse,Value,International,Modern Trade,982,35,30588.78,23568,6617.01,0.07,31964.1
2700,2024-10-26,2025,Oct,Q4,Caramel,Mid-range,International,Modern Trade,2240,55,140976.56,85120,47891.77,0.1,110880
2701,2024-11-11,2024,Nov,Q4,Dairy Milk,Mid-range,North India,E-Commerce,2036,45,132756.56,71260,27736.32,0.01,90703.8
2702,2024-11-16,2024,Nov,Q4,Dairy Milk Silk,Premium,North India,Modern Trade,1624,75,189735.99,84448,55616.3,0.07,113274
2703,2024-11-26,2023,Nov,Q4,5 Star,Value,North India,E-Commerce,1486,30,28805.04,32692,6625.59,0.05,42351
2704,2024-11-23,2023,Nov,Q4,Perk,Value,North India,E-Commerce,1108,25,19518.62,19944,6775.55,0.03,26869
2705,2024-11-09,2025,Nov,Q4,Bournville,Premium,North India,E-Commerce,2363,90,280225.41,153595,58879.74,0.12,187149.6
2706,2024-11-06,2024,Nov,Q4,Gems,Value,North India,Modern Trade,2083,20,46017.57,29162,10186.61,0.07,38743.8
2707,2024-11-26,2023,Nov,Q4,Celebrations Box,Premium,North India,Modern Trade,2161,250,572808.78,388980,141496.7,0.15,459212.5
2708,2024-11-05,2023,Nov,Q4,Oreo,Mid-range,North India,Modern Trade,1101,40,49048.31,30828,10693.57,0.07,40957.2
2709,2024-11-09,2025,Nov,Q4,Fuse,Value,North India,Modern Trade,2720,35,89035.91,65280,20841.78,0.12,83776
2710,2024-11-28,2024,Nov,Q4,Caramel,Mid-range,North India,General Trade,2045,55,129160.74,77710,39298.19,0.04,107976
2711,2024-11-20,2025,Nov,Q4,Dairy Milk,Mid-range,South India,E-Commerce,320,45,18837.3,11200,3951.43,0.11,12816
2712,2024-11-22,2025,Nov,Q4,Dairy Milk Silk,Premium,South India,General Trade,1975,75,238400.53,102700,78356.34,0.11,131831.25
2713,2024-11-09,2024,Nov,Q4,5 Star,Value,South India,Institutional,1339,30,27034.82,29458,6972.2,0.12,35349.6
2714,2024-11-17,2023,Nov,Q4,Perk,Value,South India,General Trade,1670,25,34264.98,30060,8088.26,0.03,40497.5
2715,2024-11-05,2024,Nov,Q4,Bournville,Premium,South India,Modern Trade,1262,90,127819.84,82030,40993.97,0.15,96543
2716,2024-11-14,2024,Nov,Q4,Gems,Value,South India,General Trade,2681,20,46239.4,37534,15923.69,0.07,49866.6
2717,2024-11-24,2023,Nov,Q4,Celebrations Box,Premium,South India,Institutional,961,250,242257.71,172980,71682.9,0.1,216225
2718,2024-11-27,2024,Nov,Q4,Oreo,Mid-range,South India,General Trade,883,40,34275.4,24724,11962.25,0.09,32141.2
2719,2024-11-25,2023,Nov,Q4,Fuse,Value,South India,E-Commerce,435,35,16556.12,10440,4732.4,0.1,13702.5
2720,2024-11-13,2024,Nov,Q4,Caramel,Mid-range,South India,Modern Trade,429,55,24592.55,16302,7693.38,0.03,22887.15
2721,2024-11-25,2025,Nov,Q4,Dairy Milk,Mid-range,West India,Institutional,1143,45,69236.52,40005,23892.57,0.07,47834.55
2722,2024-11-13,2024,Nov,Q4,Dairy Milk Silk,Premium,West India,General Trade,1367,75,173435.81,71084,49844.78,0.1,92272.5
2723,2024-11-28,2025,Nov,Q4,5 Star,Value,West India,Institutional,1031,30,22281.23,22682,5016.79,0.02,30311.4
2724,2024-11-26,2025,Nov,Q4,Perk,Value,West India,Institutional,313,25,6980.16,5634,1671.12,0.04,7512
2725,2024-11-17,2024,Nov,Q4,Bournville,Premium,West India,Institutional,1374,90,165617.97,89310,47207.46,0.1,111294
2726,2024-11-21,2023,Nov,Q4,Gems,Value,West India,Modern Trade,558,20,9931.6,7812,3121.9,0.14,9597.6
2727,2024-11-21,2025,Nov,Q4,Celebrations Box,Premium,West India,E-Commerce,2700,250,717743.07,486000,130113.18,0.06,634500
2728,2024-11-26,2023,Nov,Q4,Oreo,Mid-range,West India,E-Commerce,1240,40,56743.63,34720,12181.75,0.04,47616
2729,2024-11-13,2025,Nov,Q4,Fuse,Value,West India,Modern Trade,1010,35,36984.57,24240,7102.67,0.1,31815
2730,2024-11-08,2023,Nov,Q4,Caramel,Mid-range,West India,Institutional,2496,55,142501.53,94848,44345.5,0.1,123552
2731,2024-11-23,2024,Nov,Q4,Dairy Milk,Mid-range,East India,General Trade,1769,45,113776.79,61915,21595.86,0.05,75624.75
2732,2024-11-22,2023,Nov,Q4,Dairy Milk Silk,Premium,East India,General Trade,1177,75,140302.52,61204,29729.44,0.08,81213
2733,2024-11-14,2024,Nov,Q4,5 Star,Value,East India,Modern Trade,2664,30,51343.04,58608,9583.48,0.01,79120.8
2734,2024-11-15,2023,Nov,Q4,Perk,Value,East India,Modern Trade,1785,25,29007.37,32130,7860.66,0.02,43732.5
2735,2024-11-09,2024,Nov,Q4,Bournville,Premium,East India,E-Commerce,908,90,89826.7,59020,17548.64,0.11,72730.8
2736,2024-11-03,2024,Nov,Q4,Gems,Value,East India,General Trade,376,20,8813.75,5264,1917.3,0,7520
2737,2024-11-27,2025,Nov,Q4,Celebrations Box,Premium,East India,Modern Trade,1982,250,445428.37,356760,141411.87,0.1,445950
2738,2024-11-23,2024,Nov,Q4,Oreo,Mid-range,East India,General Trade,1997,40,72955.58,55916,23442.93,0.1,71892
2739,2024-11-05,2025,Nov,Q4,Fuse,Value,East India,Modern Trade,526,35,20122.9,12624,3951.44,0.13,16016.7
2740,2024-11-21,2023,Nov,Q4,Caramel,Mid-range,East India,Institutional,2161,55,131137.61,82118,26119.12,0.11,105780.95
2741,2024-11-09,2025,Nov,Q4,Dairy Milk,Mid-range,International,General Trade,597,45,45848.8,20895,14060.5,0.1,24178.5
2742,2024-11-03,2024,Nov,Q4,Dairy Milk Silk,Premium,International,E-Commerce,1618,75,163448.82,84136,35646.57,0.1,109215
2743,2024-11-23,2024,Nov,Q4,5 Star,Value,International,Institutional,1072,30,20985.79,23584,4015.59,0.12,28300.8
2744,2024-11-03,2023,Nov,Q4,Perk,Value,International,E-Commerce,1017,25,16749.3,18306,4398.44,0.02,24916.5
2745,2024-11-13,2025,Nov,Q4,Bournville,Premium,International,E-Commerce,2507,90,220847.96,162955,70872.19,0.01,223373.7
2746,2024-11-27,2023,Nov,Q4,Gems,Value,International,E-Commerce,452,20,8356.92,6328,2866.35,0.04,8678.4
2747,2024-11-16,2023,Nov,Q4,Celebrations Box,Premium,International,E-Commerce,789,250,216037.94,142020,52835.41,0.07,183442.5
2748,2024-11-21,2025,Nov,Q4,Oreo,Mid-range,International,General Trade,2028,40,72071.05,56784,24835.58,0.06,76252.8
2749,2024-11-25,2023,Nov,Q4,Fuse,Value,International,Institutional,590,35,24356.4,14160,5993.86,0.02,20237
2750,2024-11-04,2024,Nov,Q4,Caramel,Mid-range,International,Institutional,905,55,59557.25,34390,11154.33,0.09,45295.25
2751,2024-12-02,2024,Dec,Q4,Dairy Milk,Mid-range,North India,Institutional,2331,45,159357.81,81585,50867.42,0.04,100699.2
2752,2024-12-09,2024,Dec,Q4,Dairy Milk Silk,Premium,North India,Modern Trade,481,75,50504.71,25012,13287.58,0.09,32828.25
2753,2024-12-05,2024,Dec,Q4,5 Star,Value,North India,Institutional,333,30,8789.56,7326,2367.74,0.13,8691.3
2754,2024-12-09,2023,Dec,Q4,Perk,Value,North India,Modern Trade,387,25,8003.35,6966,1739.3,0.1,8707.5
2755,2024-12-13,2024,Dec,Q4,Bournville,Premium,North India,General Trade,2286,90,218812.21,148590,61926.49,0.05,195453
2756,2024-12-25,2023,Dec,Q4,Gems,Value,North India,Modern Trade,1757,20,40021.05,24598,11990.42,0.11,31274.6
2757,2024-12-28,2025,Dec,Q4,Celebrations Box,Premium,North India,Institutional,1650,250,384371.51,297000,83042.99,0.07,383625
2758,2024-12-13,2023,Dec,Q4,Oreo,Mid-range,North India,Modern Trade,1828,40,70182.25,51184,18897.26,0.03,70926.4
2759,2024-12-12,2023,Dec,Q4,Fuse,Value,North India,Institutional,627,35,22543.66,15048,4531.34,0.09,19969.95
2760,2024-12-02,2025,Dec,Q4,Caramel,Mid-range,North India,E-Commerce,2234,55,134420.13,84892,40385.68,0.05,116726.5
2761,2024-12-11,2024,Dec,Q4,Dairy Milk,Mid-range,South India,Modern Trade,1327,45,77076.71,46445,16940.95,0.08,54937.8
2762,2024-12-25,2023,Dec,Q4,Dairy Milk Silk,Premium,South India,Modern Trade,2690,75,330006.32,139880,92774.83,0.07,187627.5
2763,2024-12-18,2024,Dec,Q4,5 Star,Value,South India,E-Commerce,2136,30,41143.13,46992,11114.28,0.03,62157.6
2764,2024-12-10,2025,Dec,Q4,Perk,Value,South India,Modern Trade,1380,25,24589.06,24840,6317.1,0.1,31050
2765,2024-12-12,2024,Dec,Q4,Bournville,Premium,South India,Institutional,585,90,71720.88,38025,24595.08,0.09,47911.5
2766,2024-12-15,2024,Dec,Q4,Gems,Value,South India,Institutional,522,20,9340.68,7308,2538.28,0.13,9082.8
2767,2024-12-01,2024,Dec,Q4,Celebrations Box,Premium,South India,General Trade,680,250,156973.2,122400,42144.97,0.01,168300
2768,2024-12-26,2023,Dec,Q4,Oreo,Mid-range,South India,General Trade,1681,40,70682.85,47068,12913,0.06,63205.6
2769,2024-12-27,2025,Dec,Q4,Fuse,Value,South India,E-Commerce,1712,35,71831.3,41088,13982.12,0.08,55126.4
2770,2024-12-02,2024,Dec,Q4,Caramel,Mid-range,South India,Institutional,326,55,19237.38,12388,4613.58,0.01,17750.7
2771,2024-12-13,2025,Dec,Q4,Dairy Milk,Mid-range,West India,E-Commerce,2538,45,184531.2,88830,56074.5,0.11,101646.9
2772,2024-12-22,2023,Dec,Q4,Dairy Milk Silk,Premium,West India,Modern Trade,886,75,82275.52,46072,28074.54,0.12,58476
2773,2024-12-18,2025,Dec,Q4,5 Star,Value,West India,Institutional,2223,30,56951.74,48906,12683.01,0.13,58020.3
2774,2024-12-03,2024,Dec,Q4,Perk,Value,West India,General Trade,2403,25,50355.26,43254,11148.15,0.09,54668.25
2775,2024-12-21,2024,Dec,Q4,Bournville,Premium,West India,Modern Trade,2388,90,222121.37,155220,58823.06,0.02,210621.6
2776,2024-12-20,2025,Dec,Q4,Gems,Value,West India,Modern Trade,1631,20,27777.61,22834,8062.17,0.14,28053.2
2777,2024-12-05,2025,Dec,Q4,Celebrations Box,Premium,West India,Modern Trade,975,250,291482.7,175500,97306.14,0.11,216937.5
2778,2024-12-10,2024,Dec,Q4,Oreo,Mid-range,West India,Modern Trade,772,40,35559.68,21616,10738.98,0.09,28100.8
2779,2024-12-27,2024,Dec,Q4,Fuse,Value,West India,Modern Trade,1587,35,51383.35,38088,14026.83,0.09,50545.95
2780,2024-12-04,2025,Dec,Q4,Caramel,Mid-range,West India,Modern Trade,2623,55,127629.47,99674,30654.58,0.12,126953.2
2781,2024-12-08,2025,Dec,Q4,Dairy Milk,Mid-range,East India,Institutional,1985,45,116358.28,69475,26898.79,0.12,78606
2782,2024-12-11,2024,Dec,Q4,Dairy Milk Silk,Premium,East India,Modern Trade,2585,75,332777.22,134420,69257.92,0.03,188058.75
2783,2024-12-22,2023,Dec,Q4,5 Star,Value,East India,Institutional,1209,30,27074.06,26598,6813.85,0.02,35544.6
2784,2024-12-26,2023,Dec,Q4,Perk,Value,East India,General Trade,1201,25,19869.86,21618,3727.92,0.13,26121.75
2785,2024-12-06,2025,Dec,Q4,Bournville,Premium,East India,General Trade,2471,90,233310.42,160615,50597.58,0.01,220166.1
2786,2024-12-05,2023,Dec,Q4,Gems,Value,East India,E-Commerce,460,20,9247.24,6440,2898.57,0.02,9016
2787,2024-12-18,2023,Dec,Q4,Celebrations Box,Premium,East India,Institutional,761,250,225297.28,136980,50424.05,0.1,171225
2788,2024-12-19,2023,Dec,Q4,Oreo,Mid-range,East India,General Trade,1537,40,73517.69,43036,19030.54,0.04,59020.8
2789,2024-12-28,2025,Dec,Q4,Fuse,Value,East India,Modern Trade,662,35,26418.97,15888,8977.29,0.01,22938.3
2790,2024-12-16,2025,Dec,Q4,Caramel,Mid-range,East India,Institutional,2508,55,154013.38,95304,44475.64,0.02,135181.2
2791,2024-12-03,2025,Dec,Q4,Dairy Milk,Mid-range,International,Modern Trade,298,45,22626.75,10430,7673.92,0,13410
2792,2024-12-26,2024,Dec,Q4,Dairy Milk Silk,Premium,International,E-Commerce,1472,75,155680.21,76544,48710.48,0.1,99360
2793,2024-12-05,2025,Dec,Q4,5 Star,Value,International,Institutional,2263,30,55847.02,49786,17361.33,0.02,66532.2
2794,2024-12-08,2025,Dec,Q4,Perk,Value,International,E-Commerce,1779,25,35394.88,32022,10493.54,0.07,41361.75
2795,2024-12-20,2025,Dec,Q4,Bournville,Premium,International,General Trade,2029,90,218942.35,131885,68877.53,0.1,164349
2796,2024-12-03,2024,Dec,Q4,Gems,Value,International,General Trade,2335,20,50393.6,32690,13637.52,0.07,43431
2797,2024-12-18,2023,Dec,Q4,Celebrations Box,Premium,International,E-Commerce,1276,250,381185.81,229680,125017.33,0.06,299860
2798,2024-12-17,2025,Dec,Q4,Oreo,Mid-range,International,General Trade,830,40,29349.18,23240,6062.11,0.02,32536
2799,2024-12-25,2025,Dec,Q4,Fuse,Value,International,Modern Trade,2053,35,78588.34,49272,15775.98,0.05,68262.25
2800,2024-12-22,2025,Dec,Q4,Caramel,Mid-range,International,General Trade,1610,55,94441.57,61180,24833.22,0.12,77924
